canonical_match_id,provider_fixture_id,label,cohort,comp_type,region,league,season,kickoff_utc,status,inclusion_rule
78/2023/2023-10-06/163/164,1048940,Bundesliga_2023,B,club,Germany,78,2023,2023-10-06T18:30:00+00:00,FT,extension_next_220_manifest_order
61/2023/2023-09-29/95/116,1044935,Ligue1_2023,B,club,France,61,2023,2023-09-29T19:00:00+00:00,FT,extension_next_220_manifest_order
39/2023/2023-09-24/42/47,1035087,EPL_2023,B,club,England,39,2023,2023-09-24T13:00:00+00:00,FT,extension_next_220_manifest_order
140/2023/2023-09-24/728/533,1038008,LaLiga_2023,B,club,Spain,140,2023,2023-09-24T14:15:00+00:00,FT,extension_next_220_manifest_order
135/2023/2023-09-27/492/494,1052312,SerieA_2023,B,club,Italy,135,2023,2023-09-27T18:45:00+00:00,FT,extension_next_220_manifest_order
78/2023/2023-10-07/165/182,1048936,Bundesliga_2023,B,club,Germany,78,2023,2023-10-07T13:30:00+00:00,FT,extension_next_220_manifest_order
61/2023/2023-09-30/99/85,1044941,Ligue1_2023,B,club,France,61,2023,2023-09-30T15:00:00+00:00,FT,extension_next_220_manifest_order
39/2023/2023-09-24/49/66,1035091,EPL_2023,B,club,England,39,2023,2023-09-24T13:00:00+00:00,FT,extension_next_220_manifest_order
140/2023/2023-09-24/534/715,1038011,LaLiga_2023,B,club,Spain,140,2023,2023-09-24T16:30:00+00:00,FT,extension_next_220_manifest_order
135/2023/2023-09-27/505/488,1052308,SerieA_2023,B,club,Italy,135,2023,2023-09-27T18:45:00+00:00,FT,extension_next_220_manifest_order
78/2023/2023-10-07/170/181,1048942,Bundesliga_2023,B,club,Germany,78,2023,2023-10-07T13:30:00+00:00,FT,extension_next_220_manifest_order
61/2023/2023-09-30/91/81,1044939,Ligue1_2023,B,club,France,61,2023,2023-09-30T19:00:00+00:00,FT,extension_next_220_manifest_order
39/2023/2023-09-24/51/35,1035089,EPL_2023,B,club,England,39,2023,2023-09-24T13:00:00+00:00,FT,extension_next_220_manifest_order
140/2023/2023-09-24/543/724,1038005,LaLiga_2023,B,club,Spain,140,2023,2023-09-24T16:30:00+00:00,FT,extension_next_220_manifest_order
135/2023/2023-09-28/512/502,1052305,SerieA_2023,B,club,Italy,135,2023,2023-09-28T16:30:00+00:00,FT,extension_next_220_manifest_order
78/2023/2023-10-07/172/161,1048943,Bundesliga_2023,B,club,Germany,78,2023,2023-10-07T13:30:00+00:00,FT,extension_next_220_manifest_order
61/2023/2023-10-01/93/80,1044942,Ligue1_2023,B,club,France,61,2023,2023-10-01T11:00:00+00:00,FT,extension_next_220_manifest_order
39/2023/2023-09-24/62/34,1035096,EPL_2023,B,club,England,39,2023,2023-09-24T15:30:00+00:00,FT,extension_next_220_manifest_order
140/2023/2023-09-24/530/541,1038003,LaLiga_2023,B,club,Spain,140,2023,2023-09-24T19:00:00+00:00,FT,extension_next_220_manifest_order
135/2023/2023-09-28/1579/500,1052311,SerieA_2023,B,club,Italy,135,2023,2023-09-28T16:30:00+00:00,FT,extension_next_220_manifest_order
78/2023/2023-10-07/173/176,1048937,Bundesliga_2023,B,club,Germany,78,2023,2023-10-07T13:30:00+00:00,FT,extension_next_220_manifest_order
61/2023/2023-10-01/84/106,1044940,Ligue1_2023,B,club,France,61,2023,2023-10-01T13:00:00+00:00,FT,extension_next_220_manifest_order
39/2023/2023-09-30/66/51,1035098,EPL_2023,B,club,England,39,2023,2023-09-30T11:30:00+00:00,FT,extension_next_220_manifest_order
140/2023/2023-09-26/536/723,1038014,LaLiga_2023,B,club,Spain,140,2023,2023-09-26T17:00:00+00:00,FT,extension_next_220_manifest_order
135/2023/2023-09-28/495/497,1052306,SerieA_2023,B,club,Italy,135,2023,2023-09-28T18:45:00+00:00,FT,extension_next_220_manifest_order
78/2023/2023-10-07/162/167,1048941,Bundesliga_2023,B,club,Germany,78,2023,2023-10-07T16:30:00+00:00,FT,extension_next_220_manifest_order
61/2023/2023-10-01/96/112,1044937,Ligue1_2023,B,club,France,61,2023,2023-10-01T13:00:00+00:00,FT,extension_next_220_manifest_order
39/2023/2023-09-30/33/52,1035101,EPL_2023,B,club,England,39,2023,2023-09-30T14:00:00+00:00,FT,extension_next_220_manifest_order
140/2023/2023-09-26/798/529,1038016,LaLiga_2023,B,club,Spain,140,2023,2023-09-26T19:30:00+00:00,FT,extension_next_220_manifest_order
135/2023/2023-09-30/867/492,1052316,SerieA_2023,B,club,Italy,135,2023,2023-09-30T13:00:00+00:00,FT,extension_next_220_manifest_order
78/2023/2023-10-08/168/192,1048938,Bundesliga_2023,B,club,Germany,78,2023,2023-10-08T13:30:00+00:00,FT,extension_next_220_manifest_order
61/2023/2023-10-01/111/79,1044943,Ligue1_2023,B,club,France,61,2023,2023-10-01T13:00:00+00:00,FT,extension_next_220_manifest_order
39/2023/2023-09-30/34/44,1035102,EPL_2023,B,club,England,39,2023,2023-09-30T14:00:00+00:00,FT,extension_next_220_manifest_order
140/2023/2023-09-27/531/546,1038012,LaLiga_2023,B,club,Spain,140,2023,2023-09-27T17:00:00+00:00,FT,extension_next_220_manifest_order
135/2023/2023-09-30/489/487,1052317,SerieA_2023,B,club,Italy,135,2023,2023-09-30T16:00:00+00:00,FT,extension_next_220_manifest_order
78/2023/2023-10-08/157/160,1048935,Bundesliga_2023,B,club,Germany,78,2023,2023-10-08T15:30:00+00:00,FT,extension_next_220_manifest_order
61/2023/2023-10-01/97/82,1044938,Ligue1_2023,B,club,France,61,2023,2023-10-01T15:05:00+00:00,FT,extension_next_220_manifest_order
39/2023/2023-09-30/35/42,1035097,EPL_2023,B,club,England,39,2023,2023-09-30T14:00:00+00:00,FT,extension_next_220_manifest_order
140/2023/2023-09-27/533/547,1038018,LaLiga_2023,B,club,Spain,140,2023,2023-09-27T17:00:00+00:00,FT,extension_next_220_manifest_order
135/2023/2023-09-30/514/505,1052319,SerieA_2023,B,club,Italy,135,2023,2023-09-30T18:45:00+00:00,FT,extension_next_220_manifest_order
78/2023/2023-10-08/169/180,1048939,Bundesliga_2023,B,club,Germany,78,2023,2023-10-08T17:30:00+00:00,FT,extension_next_220_manifest_order
61/2023/2023-10-01/94/83,1044936,Ligue1_2023,B,club,France,61,2023,2023-10-01T18:45:00+00:00,FT,extension_next_220_manifest_order
39/2023/2023-09-30/39/50,1035106,EPL_2023,B,club,England,39,2023,2023-09-30T14:00:00+00:00,FT,extension_next_220_manifest_order
140/2023/2023-09-27/541/534,1038020,LaLiga_2023,B,club,Spain,140,2023,2023-09-27T17:00:00+00:00,FT,extension_next_220_manifest_order
135/2023/2023-10-01/500/511,1052314,SerieA_2023,B,club,Italy,135,2023,2023-10-01T10:30:00+00:00,FT,extension_next_220_manifest_order
78/2023/2023-10-20/165/162,1048944,Bundesliga_2023,B,club,Germany,78,2023,2023-10-20T18:30:00+00:00,FT,extension_next_220_manifest_order
61/2023/2023-10-06/95/83,1044944,Ligue1_2023,B,club,France,61,2023,2023-10-06T19:00:00+00:00,FT,extension_next_220_manifest_order
39/2023/2023-09-30/45/1359,1035099,EPL_2023,B,club,England,39,2023,2023-09-30T14:00:00+00:00,FT,extension_next_220_manifest_order
140/2023/2023-09-27/532/548,1038019,LaLiga_2023,B,club,Spain,140,2023,2023-09-27T19:30:00+00:00,FT,extension_next_220_manifest_order
135/2023/2023-10-01/494/495,1052322,SerieA_2023,B,club,Italy,135,2023,2023-10-01T13:00:00+00:00,FT,extension_next_220_manifest_order
78/2023/2023-10-21/160/176,1048946,Bundesliga_2023,B,club,Germany,78,2023,2023-10-21T13:30:00+00:00,FT,extension_next_220_manifest_order
61/2023/2023-10-07/112/84,1044950,Ligue1_2023,B,club,France,61,2023,2023-10-07T15:00:00+00:00,FT,extension_next_220_manifest_order
39/2023/2023-09-30/48/62,1035105,EPL_2023,B,club,England,39,2023,2023-09-30T14:00:00+00:00,FT,extension_next_220_manifest_order
140/2023/2023-09-27/724/728,1038013,LaLiga_2023,B,club,Spain,140,2023,2023-09-27T19:30:00+00:00,FT,extension_next_220_manifest_order
135/2023/2023-10-01/499/496,1052313,SerieA_2023,B,club,Italy,135,2023,2023-10-01T16:00:00+00:00,FT,extension_next_220_manifest_order
78/2023/2023-10-21/161/168,1048947,Bundesliga_2023,B,club,Germany,78,2023,2023-10-21T13:30:00+00:00,FT,extension_next_220_manifest_order
61/2023/2023-10-07/93/91,1044948,Ligue1_2023,B,club,France,61,2023,2023-10-07T19:00:00+00:00,FT,extension_next_220_manifest_order
39/2023/2023-09-30/47/40,1035104,EPL_2023,B,club,England,39,2023,2023-09-30T16:30:00+00:00,FT,extension_next_220_manifest_order
140/2023/2023-09-28/538/542,1038021,LaLiga_2023,B,club,Spain,140,2023,2023-09-28T17:00:00+00:00,FT,extension_next_220_manifest_order
135/2023/2023-10-01/497/512,1052318,SerieA_2023,B,club,Italy,135,2023,2023-10-01T18:45:00+00:00,FT,extension_next_220_manifest_order
78/2023/2023-10-21/167/169,1048950,Bundesliga_2023,B,club,Germany,78,2023,2023-10-21T13:30:00+00:00,FT,extension_next_220_manifest_order
61/2023/2023-10-08/81/111,1044946,Ligue1_2023,B,club,France,61,2023,2023-10-08T11:00:00+00:00,FT,extension_next_220_manifest_order
39/2023/2023-10-01/65/55,1035103,EPL_2023,B,club,England,39,2023,2023-10-01T13:00:00+00:00,FT,extension_next_220_manifest_order
140/2023/2023-09-28/715/543,1038017,LaLiga_2023,B,club,Spain,140,2023,2023-09-28T17:00:00+00:00,FT,extension_next_220_manifest_order
135/2023/2023-10-02/488/1579,1052320,SerieA_2023,B,club,Italy,135,2023,2023-10-02T16:30:00+00:00,FT,extension_next_220_manifest_order
78/2023/2023-10-21/181/173,1048952,Bundesliga_2023,B,club,Germany,78,2023,2023-10-21T13:30:00+00:00,FT,extension_next_220_manifest_order
61/2023/2023-10-08/80/97,1044947,Ligue1_2023,B,club,France,61,2023,2023-10-08T13:00:00+00:00,FT,extension_next_220_manifest_order
39/2023/2023-10-02/36/49,1035100,EPL_2023,B,club,England,39,2023,2023-10-02T19:00:00+00:00,FT,extension_next_220_manifest_order
140/2023/2023-09-28/727/530,1038015,LaLiga_2023,B,club,Spain,140,2023,2023-09-28T19:30:00+00:00,FT,extension_next_220_manifest_order
135/2023/2023-10-02/503/504,1052321,SerieA_2023,B,club,Italy,135,2023,2023-10-02T16:30:00+00:00,FT,extension_next_220_manifest_order
78/2023/2023-10-21/182/172,1048945,Bundesliga_2023,B,club,Germany,78,2023,2023-10-21T13:30:00+00:00,FT,extension_next_220_manifest_order
61/2023/2023-10-08/106/96,1044952,Ligue1_2023,B,club,France,61,2023,2023-10-08T13:00:00+00:00,FT,extension_next_220_manifest_order
39/2023/2023-10-03/1359/44,1035051,EPL_2023,B,club,England,39,2023,2023-10-03T18:30:00+00:00,FT,extension_next_220_manifest_order
140/2023/2023-09-29/529/536,1038024,LaLiga_2023,B,club,Spain,140,2023,2023-09-29T19:00:00+00:00,FT,extension_next_220_manifest_order
135/2023/2023-10-02/502/490,1052315,SerieA_2023,B,club,Italy,135,2023,2023-10-02T18:45:00+00:00,FT,extension_next_220_manifest_order
78/2023/2023-10-21/164/157,1048948,Bundesliga_2023,B,club,Germany,78,2023,2023-10-21T16:30:00+00:00,FT,extension_next_220_manifest_order
61/2023/2023-10-08/116/79,1044949,Ligue1_2023,B,club,France,61,2023,2023-10-08T15:05:00+00:00,FT,extension_next_220_manifest_order
39/2023/2023-10-07/1359/47,1035113,EPL_2023,B,club,England,39,2023,2023-10-07T11:30:00+00:00,FT,extension_next_220_manifest_order
140/2023/2023-09-30/546/533,1038026,LaLiga_2023,B,club,Spain,140,2023,2023-09-30T12:00:00+00:00,FT,extension_next_220_manifest_order
135/2023/2023-10-06/511/494,1052324,SerieA_2023,B,club,Italy,135,2023,2023-10-06T16:30:00+00:00,FT,extension_next_220_manifest_order
78/2023/2023-10-22/192/163,1048949,Bundesliga_2023,B,club,Germany,78,2023,2023-10-22T13:30:00+00:00,FT,extension_next_220_manifest_order
61/2023/2023-10-08/94/85,1044945,Ligue1_2023,B,club,France,61,2023,2023-10-08T18:45:00+00:00,FT,extension_next_220_manifest_order
39/2023/2023-10-07/33/55,1035114,EPL_2023,B,club,England,39,2023,2023-10-07T14:00:00+00:00,FT,extension_next_220_manifest_order
140/2023/2023-09-30/728/798,1038031,LaLiga_2023,B,club,Spain,140,2023,2023-09-30T14:15:00+00:00,FT,extension_next_220_manifest_order
135/2023/2023-10-06/867/488,1052330,SerieA_2023,B,club,Italy,135,2023,2023-10-06T18:45:00+00:00,FT,extension_next_220_manifest_order
78/2023/2023-10-22/180/170,1048951,Bundesliga_2023,B,club,Germany,78,2023,2023-10-22T15:30:00+00:00,FT,extension_next_220_manifest_order
61/2023/2023-10-20/111/116,1044961,Ligue1_2023,B,club,France,61,2023,2023-10-20T19:00:00+00:00,FT,extension_next_220_manifest_order
39/2023/2023-10-07/36/62,1035112,EPL_2023,B,club,England,39,2023,2023-10-07T14:00:00+00:00,FT,extension_next_220_manifest_order
140/2023/2023-09-30/547/541,1038027,LaLiga_2023,B,club,Spain,140,2023,2023-09-30T16:30:00+00:00,FT,extension_next_220_manifest_order
135/2023/2023-10-07/505/500,1052327,SerieA_2023,B,club,Italy,135,2023,2023-10-07T13:00:00+00:00,FT,extension_next_220_manifest_order
78/2023/2023-10-27/176/164,1048959,Bundesliga_2023,B,club,Germany,78,2023,2023-10-27T18:30:00+00:00,FT,extension_next_220_manifest_order
61/2023/2023-10-21/85/95,1044953,Ligue1_2023,B,club,France,61,2023,2023-10-21T15:00:00+00:00,FT,extension_next_220_manifest_order
39/2023/2023-10-07/44/49,1035109,EPL_2023,B,club,England,39,2023,2023-10-07T14:00:00+00:00,FT,extension_next_220_manifest_order
140/2023/2023-09-30/548/531,1038029,LaLiga_2023,B,club,Spain,140,2023,2023-09-30T19:00:00+00:00,FT,extension_next_220_manifest_order
135/2023/2023-10-07/496/503,1052328,SerieA_2023,B,club,Italy,135,2023,2023-10-07T16:00:00+00:00,FT,extension_next_220_manifest_order
78/2023/2023-10-28/157/181,1048953,Bundesliga_2023,B,club,Germany,78,2023,2023-10-28T13:30:00+00:00,FT,extension_next_220_manifest_order
61/2023/2023-10-21/84/81,1044959,Ligue1_2023,B,club,France,61,2023,2023-10-21T19:00:00+00:00,FT,extension_next_220_manifest_order
39/2023/2023-10-07/45/35,1035111,EPL_2023,B,club,England,39,2023,2023-10-07T14:00:00+00:00,FT,extension_next_220_manifest_order
140/2023/2023-10-01/723/715,1038022,LaLiga_2023,B,club,Spain,140,2023,2023-10-01T12:00:00+00:00,FT,extension_next_220_manifest_order
135/2023/2023-10-07/495/489,1052326,SerieA_2023,B,club,Italy,135,2023,2023-10-07T18:45:00+00:00,FT,extension_next_220_manifest_order
78/2023/2023-10-28/162/182,1048958,Bundesliga_2023,B,club,Germany,78,2023,2023-10-28T13:30:00+00:00,FT,extension_next_220_manifest_order
61/2023/2023-10-22/97/94,1044955,Ligue1_2023,B,club,France,61,2023,2023-10-22T11:00:00+00:00,FT,extension_next_220_manifest_order
39/2023/2023-10-07/52/65,1035110,EPL_2023,B,club,England,39,2023,2023-10-07T16:30:00+00:00,FT,extension_next_220_manifest_order
140/2023/2023-10-01/542/727,1038028,LaLiga_2023,B,club,Spain,140,2023,2023-10-01T14:15:00+00:00,FT,extension_next_220_manifest_order
135/2023/2023-10-08/1579/514,1052331,SerieA_2023,B,club,Italy,135,2023,2023-10-08T10:30:00+00:00,FT,extension_next_220_manifest_order
78/2023/2023-10-28/163/180,1048957,Bundesliga_2023,B,club,Germany,78,2023,2023-10-28T13:30:00+00:00,FT,extension_next_220_manifest_order
61/2023/2023-10-22/79/106,1044957,Ligue1_2023,B,club,France,61,2023,2023-10-22T13:00:00+00:00,FT,extension_next_220_manifest_order
39/2023/2023-10-08/39/66,1035116,EPL_2023,B,club,England,39,2023,2023-10-08T13:00:00+00:00,FT,extension_next_220_manifest_order
140/2023/2023-10-01/530/724,1038023,LaLiga_2023,B,club,Spain,140,2023,2023-10-01T19:00:00+00:00,FT,extension_next_220_manifest_order
135/2023/2023-10-08/487/499,1052329,SerieA_2023,B,club,Italy,135,2023,2023-10-08T13:00:00+00:00,FT,extension_next_220_manifest_order
78/2023/2023-10-28/170/161,1048960,Bundesliga_2023,B,club,Germany,78,2023,2023-10-28T13:30:00+00:00,FT,extension_next_220_manifest_order
61/2023/2023-10-22/83/82,1044960,Ligue1_2023,B,club,France,61,2023,2023-10-22T13:00:00+00:00,FT,extension_next_220_manifest_order
39/2023/2023-10-08/48/34,1035115,EPL_2023,B,club,England,39,2023,2023-10-08T13:00:00+00:00,FT,extension_next_220_manifest_order
140/2023/2023-10-01/543/532,1038025,LaLiga_2023,B,club,Spain,140,2023,2023-10-01T19:00:00+00:00,FT,extension_next_220_manifest_order
135/2023/2023-10-08/512/504,1052325,SerieA_2023,B,club,Italy,135,2023,2023-10-08T13:00:00+00:00,FT,extension_next_220_manifest_order
78/2023/2023-10-28/172/167,1048961,Bundesliga_2023,B,club,Germany,78,2023,2023-10-28T13:30:00+00:00,FT,extension_next_220_manifest_order
61/2023/2023-10-22/96/93,1044954,Ligue1_2023,B,club,France,61,2023,2023-10-22T13:00:00+00:00,FT,extension_next_220_manifest_order
39/2023/2023-10-08/51/40,1035108,EPL_2023,B,club,England,39,2023,2023-10-08T13:00:00+00:00,FT,extension_next_220_manifest_order
140/2023/2023-10-02/534/538,1038030,LaLiga_2023,B,club,Spain,140,2023,2023-10-02T19:00:00+00:00,FT,extension_next_220_manifest_order
135/2023/2023-10-08/490/497,1052323,SerieA_2023,B,club,Italy,135,2023,2023-10-08T16:00:00+00:00,FT,extension_next_220_manifest_order
78/2023/2023-10-28/173/192,1048954,Bundesliga_2023,B,club,Germany,78,2023,2023-10-28T16:30:00+00:00,FT,extension_next_220_manifest_order
61/2023/2023-10-22/91/112,1044956,Ligue1_2023,B,club,France,61,2023,2023-10-22T15:05:00+00:00,FT,extension_next_220_manifest_order
39/2023/2023-10-08/42/50,1035107,EPL_2023,B,club,England,39,2023,2023-10-08T15:30:00+00:00,FT,extension_next_220_manifest_order
140/2023/2023-10-06/531/723,1038037,LaLiga_2023,B,club,Spain,140,2023,2023-10-06T19:00:00+00:00,FT,extension_next_220_manifest_order
135/2023/2023-10-08/492/502,1052332,SerieA_2023,B,club,Italy,135,2023,2023-10-08T18:45:00+00:00,FT,extension_next_220_manifest_order
78/2023/2023-10-29/169/165,1048956,Bundesliga_2023,B,club,Germany,78,2023,2023-10-29T14:30:00+00:00,FT,extension_next_220_manifest_order
61/2023/2023-10-22/80/99,1044958,Ligue1_2023,B,club,France,61,2023,2023-10-22T18:45:00+00:00,FT,extension_next_220_manifest_order
39/2023/2023-10-21/40/45,1035121,EPL_2023,B,club,England,39,2023,2023-10-21T11:30:00+00:00,FT,extension_next_220_manifest_order
140/2023/2023-10-07/724/547,1038033,LaLiga_2023,B,club,Spain,140,2023,2023-10-07T12:00:00+00:00,FT,extension_next_220_manifest_order
135/2023/2023-10-21/504/492,1052336,SerieA_2023,B,club,Italy,135,2023,2023-10-21T13:00:00+00:00,FT,extension_next_220_manifest_order
78/2023/2023-10-29/168/160,1048955,Bundesliga_2023,B,club,Germany,78,2023,2023-10-29T16:30:00+00:00,FT,extension_next_220_manifest_order
61/2023/2023-10-27/99/84,1044965,Ligue1_2023,B,club,France,61,2023,2023-10-27T19:00:00+00:00,FT,extension_next_220_manifest_order
39/2023/2023-10-21/34/52,1035123,EPL_2023,B,club,England,39,2023,2023-10-21T14:00:00+00:00,FT,extension_next_220_manifest_order
140/2023/2023-10-07/541/727,1038039,LaLiga_2023,B,club,Spain,140,2023,2023-10-07T14:15:00+00:00,FT,extension_next_220_manifest_order
135/2023/2023-10-21/503/505,1052341,SerieA_2023,B,club,Italy,135,2023,2023-10-21T16:00:00+00:00,FT,extension_next_220_manifest_order
78/2023/2023-11-03/181/176,1048970,Bundesliga_2023,B,club,Germany,78,2023,2023-11-03T19:30:00+00:00,FT,extension_next_220_manifest_order
61/2023/2023-10-28/93/97,1044966,Ligue1_2023,B,club,France,61,2023,2023-10-28T15:00:00+00:00,FT,extension_next_220_manifest_order
39/2023/2023-10-21/35/39,1035117,EPL_2023,B,club,England,39,2023,2023-10-21T14:00:00+00:00,FT,extension_next_220_manifest_order
140/2023/2023-10-07/798/532,1038035,LaLiga_2023,B,club,Spain,140,2023,2023-10-07T16:30:00+00:00,FT,extension_next_220_manifest_order
135/2023/2023-10-21/488/487,1052340,SerieA_2023,B,club,Italy,135,2023,2023-10-21T18:45:00+00:00,FT,extension_next_220_manifest_order
78/2023/2023-11-04/160/163,1048964,Bundesliga_2023,B,club,Germany,78,2023,2023-11-04T14:30:00+00:00,FT,extension_next_220_manifest_order
61/2023/2023-10-28/116/83,1044967,Ligue1_2023,B,club,France,61,2023,2023-10-28T19:00:00+00:00,FT,extension_next_220_manifest_order
39/2023/2023-10-21/50/51,1035122,EPL_2023,B,club,England,39,2023,2023-10-21T14:00:00+00:00,FT,extension_next_220_manifest_order
140/2023/2023-10-07/536/728,1038040,LaLiga_2023,B,club,Spain,140,2023,2023-10-07T19:00:00+00:00,FT,extension_next_220_manifest_order
135/2023/2023-10-22/497/1579,1052338,SerieA_2023,B,club,Italy,135,2023,2023-10-22T10:30:00+00:00,FT,extension_next_220_manifest_order
78/2023/2023-11-04/164/173,1048966,Bundesliga_2023,B,club,Germany,78,2023,2023-11-04T14:30:00+00:00,FT,extension_next_220_manifest_order
61/2023/2023-10-29/106/85,1044970,Ligue1_2023,B,club,France,61,2023,2023-10-29T12:00:00+00:00,FT,extension_next_220_manifest_order
39/2023/2023-10-21/55/44,1035119,EPL_2023,B,club,England,39,2023,2023-10-21T14:00:00+00:00,FT,extension_next_220_manifest_order
140/2023/2023-10-08/533/534,1038041,LaLiga_2023,B,club,Spain,140,2023,2023-10-08T12:00:00+00:00,FT,extension_next_220_manifest_order
135/2023/2023-10-22/500/512,1052334,SerieA_2023,B,club,Italy,135,2023,2023-10-22T13:00:00+00:00,FT,extension_next_220_manifest_order
78/2023/2023-11-04/167/168,1048968,Bundesliga_2023,B,club,Germany,78,2023,2023-11-04T14:30:00+00:00,FT,extension_next_220_manifest_order
61/2023/2023-10-29/79/91,1044964,Ligue1_2023,B,club,France,61,2023,2023-10-29T14:00:00+00:00,FT,extension_next_220_manifest_order
39/2023/2023-10-21/65/1359,1035124,EPL_2023,B,club,England,39,2023,2023-10-21T14:00:00+00:00,FT,extension_next_220_manifest_order
140/2023/2023-10-08/530/548,1038032,LaLiga_2023,B,club,Spain,140,2023,2023-10-08T14:15:00+00:00,FT,extension_next_220_manifest_order
135/2023/2023-10-22/514/490,1052339,SerieA_2023,B,club,Italy,135,2023,2023-10-22T13:00:00+00:00,FT,extension_next_220_manifest_order
78/2023/2023-11-04/182/169,1048963,Bundesliga_2023,B,club,Germany,78,2023,2023-11-04T14:30:00+00:00,FT,extension_next_220_manifest_order
61/2023/2023-10-29/82/96,1044969,Ligue1_2023,B,club,France,61,2023,2023-10-29T14:00:00+00:00,FT,extension_next_220_manifest_order
39/2023/2023-10-21/49/42,1035120,EPL_2023,B,club,England,39,2023,2023-10-21T16:30:00+00:00,FT,extension_next_220_manifest_order
140/2023/2023-10-08/538/546,1038034,LaLiga_2023,B,club,Spain,140,2023,2023-10-08T16:30:00+00:00,FT,extension_next_220_manifest_order
135/2023/2023-10-22/499/495,1052333,SerieA_2023,B,club,Italy,135,2023,2023-10-22T16:00:00+00:00,FT,extension_next_220_manifest_order
78/2023/2023-11-04/192/170,1048967,Bundesliga_2023,B,club,Germany,78,2023,2023-11-04T14:30:00+00:00,FT,extension_next_220_manifest_order
61/2023/2023-10-29/112/111,1044968,Ligue1_2023,B,club,France,61,2023,2023-10-29T14:00:00+00:00,FT,extension_next_220_manifest_order
39/2023/2023-10-21/62/33,1035125,EPL_2023,B,club,England,39,2023,2023-10-21T19:00:00+00:00,FT,extension_next_220_manifest_order
140/2023/2023-10-08/542/543,1038036,LaLiga_2023,B,club,Spain,140,2023,2023-10-08T16:30:00+00:00,FT,extension_next_220_manifest_order
135/2023/2023-10-22/489/496,1052337,SerieA_2023,B,club,Italy,135,2023,2023-10-22T18:45:00+00:00,FT,extension_next_220_manifest_order
78/2023/2023-11-04/165/157,1048962,Bundesliga_2023,B,club,Germany,78,2023,2023-11-04T17:30:00+00:00,FT,extension_next_220_manifest_order
61/2023/2023-10-29/94/95,1044962,Ligue1_2023,B,club,France,61,2023,2023-10-29T16:05:00+00:00,FT,extension_next_220_manifest_order
39/2023/2023-10-22/66/48,1035118,EPL_2023,B,club,England,39,2023,2023-10-22T15:30:00+00:00,FT,extension_next_220_manifest_order
140/2023/2023-10-08/715/529,1038038,LaLiga_2023,B,club,Spain,140,2023,2023-10-08T19:00:00+00:00,FT,extension_next_220_manifest_order
135/2023/2023-10-23/494/867,1052342,SerieA_2023,B,club,Italy,135,2023,2023-10-23T16:30:00+00:00,FT,extension_next_220_manifest_order
78/2023/2023-11-05/161/162,1048965,Bundesliga_2023,B,club,Germany,78,2023,2023-11-05T14:30:00+00:00,FT,extension_next_220_manifest_order
61/2023/2023-11-03/85/82,1044971,Ligue1_2023,B,club,France,61,2023,2023-11-03T20:00:00+00:00,FT,extension_next_220_manifest_order
39/2023/2023-10-23/47/36,1035126,EPL_2023,B,club,England,39,2023,2023-10-23T19:00:00+00:00,FT,extension_next_220_manifest_order
140/2023/2023-10-20/727/715,1038050,LaLiga_2023,B,club,Spain,140,2023,2023-10-20T19:00:00+00:00,FT,extension_next_220_manifest_order
135/2023/2023-10-23/502/511,1052335,SerieA_2023,B,club,Italy,135,2023,2023-10-23T18:45:00+00:00,FT,extension_next_220_manifest_order
78/2023/2023-11-05/180/172,1048969,Bundesliga_2023,B,club,Germany,78,2023,2023-11-05T16:30:00+00:00,FT,extension_next_220_manifest_order
61/2023/2023-11-04/97/116,1044975,Ligue1_2023,B,club,France,61,2023,2023-11-04T16:00:00+00:00,FT,extension_next_220_manifest_order
39/2023/2023-10-27/52/47,1035132,EPL_2023,B,club,England,39,2023,2023-10-27T19:00:00+00:00,FT,extension_next_220_manifest_order
140/2023/2023-10-21/548/798,1038048,LaLiga_2023,B,club,Spain,140,2023,2023-10-21T12:00:00+00:00,FT,extension_next_220_manifest_order
135/2023/2023-10-27/495/514,1052345,SerieA_2023,B,club,Italy,135,2023,2023-10-27T18:45:00+00:00,FT,extension_next_220_manifest_order
78/2023/2023-11-10/163/161,1048974,Bundesliga_2023,B,club,Germany,78,2023,2023-11-10T19:30:00+00:00,FT,extension_next_220_manifest_order
61/2023/2023-11-04/81/79,1044974,Ligue1_2023,B,club,France,61,2023,2023-11-04T20:00:00+00:00,FT,extension_next_220_manifest_order
39/2023/2023-10-28/49/55,1035131,EPL_2023,B,club,England,39,2023,2023-10-28T11:30:00+00:00,FT,extension_next_220_manifest_order
140/2023/2023-10-21/546/543,1038046,LaLiga_2023,B,club,Spain,140,2023,2023-10-21T14:15:00+00:00,FT,extension_next_220_manifest_order
135/2023/2023-10-28/488/500,1052352,SerieA_2023,B,club,Italy,135,2023,2023-10-28T13:00:00+00:00,FT,extension_next_220_manifest_order
78/2023/2023-11-11/157/180,1048971,Bundesliga_2023,B,club,Germany,78,2023,2023-11-11T14:30:00+00:00,FT,extension_next_220_manifest_order
61/2023/2023-11-05/80/112,1044977,Ligue1_2023,B,club,France,61,2023,2023-11-05T12:00:00+00:00,FT,extension_next_220_manifest_order
39/2023/2023-10-28/35/44,1035127,EPL_2023,B,club,England,39,2023,2023-10-28T14:00:00+00:00,FT,extension_next_220_manifest_order
140/2023/2023-10-21/536/541,1038049,LaLiga_2023,B,club,Spain,140,2023,2023-10-21T16:30:00+00:00,FT,extension_next_220_manifest_order
135/2023/2023-10-28/867/503,1052349,SerieA_2023,B,club,Italy,135,2023,2023-10-28T16:00:00+00:00,FT,extension_next_220_manifest_order
78/2023/2023-11-11/170/167,1048977,Bundesliga_2023,B,club,Germany,78,2023,2023-11-11T14:30:00+00:00,FT,extension_next_220_manifest_order
61/2023/2023-11-05/83/93,1044979,Ligue1_2023,B,club,France,61,2023,2023-11-05T14:00:00+00:00,FT,extension_next_220_manifest_order
39/2023/2023-10-28/42/62,1035128,EPL_2023,B,club,England,39,2023,2023-10-28T14:00:00+00:00,FT,extension_next_220_manifest_order
140/2023/2023-10-21/538/530,1038045,LaLiga_2023,B,club,Spain,140,2023,2023-10-21T19:00:00+00:00,FT,extension_next_220_manifest_order
135/2023/2023-10-28/496/504,1052347,SerieA_2023,B,club,Italy,135,2023,2023-10-28T18:45:00+00:00,FT,extension_next_220_manifest_order
78/2023/2023-11-11/172/165,1048978,Bundesliga_2023,B,club,Germany,78,2023,2023-11-11T14:30:00+00:00,FT,extension_next_220_manifest_order
61/2023/2023-11-05/95/99,1044972,Ligue1_2023,B,club,France,61,2023,2023-11-05T14:00:00+00:00,FT,extension_next_220_manifest_order
39/2023/2023-10-28/39/34,1035136,EPL_2023,B,club,England,39,2023,2023-10-28T16:30:00+00:00,FT,extension_next_220_manifest_order
140/2023/2023-10-22/534/728,1038042,LaLiga_2023,B,club,Spain,140,2023,2023-10-22T12:00:00+00:00,FT,extension_next_220_manifest_order
135/2023/2023-10-29/490/512,1052343,SerieA_2023,B,club,Italy,135,2023,2023-10-29T11:30:00+00:00,FT,extension_next_220_manifest_order
78/2023/2023-11-11/181/164,1048979,Bundesliga_2023,B,club,Germany,78,2023,2023-11-11T14:30:00+00:00,FT,extension_next_220_manifest_order
61/2023/2023-11-05/96/111,1044973,Ligue1_2023,B,club,France,61,2023,2023-11-05T14:00:00+00:00,FT,extension_next_220_manifest_order
39/2023/2023-10-29/48/45,1035135,EPL_2023,B,club,England,39,2023,2023-10-29T13:00:00+00:00,FT,extension_next_220_manifest_order
140/2023/2023-10-22/547/723,1038043,LaLiga_2023,B,club,Spain,140,2023,2023-10-22T14:15:00+00:00,FT,extension_next_220_manifest_order
135/2023/2023-10-29/1579/494,1052350,SerieA_2023,B,club,Italy,135,2023,2023-10-29T14:00:00+00:00,FT,extension_next_220_manifest_order
78/2023/2023-11-11/176/192,1048976,Bundesliga_2023,B,club,Germany,78,2023,2023-11-11T17:30:00+00:00,FT,extension_next_220_manifest_order
61/2023/2023-11-05/91/106,1044976,Ligue1_2023,B,club,France,61,2023,2023-11-05T16:05:00+00:00,FT,extension_next_220_manifest_order
39/2023/2023-10-29/40/65,1035133,EPL_2023,B,club,England,39,2023,2023-10-29T14:00:00+00:00,FT,extension_next_220_manifest_order
140/2023/2023-10-22/533/542,1038051,LaLiga_2023,B,club,Spain,140,2023,2023-10-22T16:30:00+00:00,FT,extension_next_220_manifest_order
135/2023/2023-10-29/505/497,1052346,SerieA_2023,B,club,Italy,135,2023,2023-10-29T17:00:00+00:00,FT,extension_next_220_manifest_order
78/2023/2023-11-12/168/182,1048973,Bundesliga_2023,B,club,Germany,78,2023,2023-11-12T14:30:00+00:00,FT,extension_next_220_manifest_order
61/2023/2023-11-05/84/94,1044978,Ligue1_2023,B,club,France,61,2023,2023-11-05T19:45:00+00:00,FT,extension_next_220_manifest_order
39/2023/2023-10-29/51/36,1035130,EPL_2023,B,club,England,39,2023,2023-10-29T14:00:00+00:00,FT,extension_next_220_manifest_order
140/2023/2023-10-22/529/531,1038044,LaLiga_2023,B,club,Spain,140,2023,2023-10-22T19:00:00+00:00,FT,extension_next_220_manifest_order
135/2023/2023-10-29/492/489,1052351,SerieA_2023,B,club,Italy,135,2023,2023-10-29T19:45:00+00:00,FT,extension_next_220_manifest_order
78/2023/2023-11-12/162/169,1048975,Bundesliga_2023,B,club,Germany,78,2023,2023-11-12T16:30:00+00:00,FT,extension_next_220_manifest_order
61/2023/2023-11-10/82/84,1044987,Ligue1_2023,B,club,France,61,2023,2023-11-10T20:00:00+00:00,FT,extension_next_220_manifest_order
39/2023/2023-10-29/66/1359,1035129,EPL_2023,B,club,England,39,2023,2023-10-29T14:00:00+00:00,FT,extension_next_220_manifest_order
140/2023/2023-10-23/532/724,1038047,LaLiga_2023,B,club,Spain,140,2023,2023-10-23T19:00:00+00:00,FT,extension_next_220_manifest_order
135/2023/2023-10-30/511/499,1052344,SerieA_2023,B,club,Italy,135,2023,2023-10-30T17:30:00+00:00,FT,extension_next_220_manifest_order
