sb_match_id,api_fixture_id,competition_label,kickoff_date,dropped_at_stage,drop_reason,detail
3939982,1146311,Copa America 2024,2024-06-28,event_process_population,missing_statsbomb_events,exact intl bridge match has no StatsBomb event JSON in the on-disk read-only cache (prior pull pruned); cannot produce leakage-safe snapshots
3939983,1146312,Copa America 2024,2024-06-29,event_process_population,missing_statsbomb_events,exact intl bridge match has no StatsBomb event JSON in the on-disk read-only cache (prior pull pruned); cannot produce leakage-safe snapshots
3939986,1146313,Copa America 2024,2024-06-30,event_process_population,missing_statsbomb_events,exact intl bridge match has no StatsBomb event JSON in the on-disk read-only cache (prior pull pruned); cannot produce leakage-safe snapshots
3939985,1189124,Copa America 2024,2024-06-30,event_process_population,missing_statsbomb_events,exact intl bridge match has no StatsBomb event JSON in the on-disk read-only cache (prior pull pruned); cannot produce leakage-safe snapshots
3939987,1146314,Copa America 2024,2024-07-01,event_process_population,missing_statsbomb_events,exact intl bridge match has no StatsBomb event JSON in the on-disk read-only cache (prior pull pruned); cannot produce leakage-safe snapshots
3939988,1146315,Copa America 2024,2024-07-01,event_process_population,missing_statsbomb_events,exact intl bridge match has no StatsBomb event JSON in the on-disk read-only cache (prior pull pruned); cannot produce leakage-safe snapshots
3939989,1146316,Copa America 2024,2024-07-02,event_process_population,missing_statsbomb_events,exact intl bridge match has no StatsBomb event JSON in the on-disk read-only cache (prior pull pruned); cannot produce leakage-safe snapshots
3939990,1146317,Copa America 2024,2024-07-02,event_process_population,missing_statsbomb_events,exact intl bridge match has no StatsBomb event JSON in the on-disk read-only cache (prior pull pruned); cannot produce leakage-safe snapshots
3939991,1146318,Copa America 2024,2024-07-03,event_process_population,missing_statsbomb_events,exact intl bridge match has no StatsBomb event JSON in the on-disk read-only cache (prior pull pruned); cannot produce leakage-safe snapshots
3939992,1189125,Copa America 2024,2024-07-03,event_process_population,missing_statsbomb_events,exact intl bridge match has no StatsBomb event JSON in the on-disk read-only cache (prior pull pruned); cannot produce leakage-safe snapshots
3942228,1219957,Copa America 2024,2024-07-05,event_process_population,missing_statsbomb_events,exact intl bridge match has no StatsBomb event JSON in the on-disk read-only cache (prior pull pruned); cannot produce leakage-safe snapshots
3942229,1219958,Copa America 2024,2024-07-06,event_process_population,missing_statsbomb_events,exact intl bridge match has no StatsBomb event JSON in the on-disk read-only cache (prior pull pruned); cannot produce leakage-safe snapshots
3942416,1222459,Copa America 2024,2024-07-06,event_process_population,missing_statsbomb_events,exact intl bridge match has no StatsBomb event JSON in the on-disk read-only cache (prior pull pruned); cannot produce leakage-safe snapshots
3942415,1222460,Copa America 2024,2024-07-07,event_process_population,missing_statsbomb_events,exact intl bridge match has no StatsBomb event JSON in the on-disk read-only cache (prior pull pruned); cannot produce leakage-safe snapshots
3942785,1227537,Copa America 2024,2024-07-10,event_process_population,missing_statsbomb_events,exact intl bridge match has no StatsBomb event JSON in the on-disk read-only cache (prior pull pruned); cannot produce leakage-safe snapshots
3942852,1227538,Copa America 2024,2024-07-11,event_process_population,missing_statsbomb_events,exact intl bridge match has no StatsBomb event JSON in the on-disk read-only cache (prior pull pruned); cannot produce leakage-safe snapshots
3943076,1234029,Copa America 2024,2024-07-14,event_process_population,missing_statsbomb_events,exact intl bridge match has no StatsBomb event JSON in the on-disk read-only cache (prior pull pruned); cannot produce leakage-safe snapshots
3943077,1234030,Copa America 2024,2024-07-15,event_process_population,missing_statsbomb_events,exact intl bridge match has no StatsBomb event JSON in the on-disk read-only cache (prior pull pruned); cannot produce leakage-safe snapshots
7525,135777,FIFA World Cup 2018,2018-06-14,primary_evaluation_population,held_out_fold_rule,earliest competition 'FIFA World Cup 2018' is train-only in the forward chain (no earlier competition to train on); never a forward-chain test fold
7578,135778,FIFA World Cup 2018,2018-06-15,event_process_population,missing_statsbomb_events,exact intl bridge match has no StatsBomb event JSON in the on-disk read-only cache (prior pull pruned); cannot produce leakage-safe snapshots
7577,135779,FIFA World Cup 2018,2018-06-15,event_process_population,missing_statsbomb_events,exact intl bridge match has no StatsBomb event JSON in the on-disk read-only cache (prior pull pruned); cannot produce leakage-safe snapshots
7576,135780,FIFA World Cup 2018,2018-06-15,event_process_population,missing_statsbomb_events,exact intl bridge match has no StatsBomb event JSON in the on-disk read-only cache (prior pull pruned); cannot produce leakage-safe snapshots
7530,135781,FIFA World Cup 2018,2018-06-16,primary_evaluation_population,held_out_fold_rule,earliest competition 'FIFA World Cup 2018' is train-only in the forward chain (no earlier competition to train on); never a forward-chain test fold
7531,135782,FIFA World Cup 2018,2018-06-16,primary_evaluation_population,held_out_fold_rule,earliest competition 'FIFA World Cup 2018' is train-only in the forward chain (no earlier competition to train on); never a forward-chain test fold
7532,135783,FIFA World Cup 2018,2018-06-16,primary_evaluation_population,held_out_fold_rule,earliest competition 'FIFA World Cup 2018' is train-only in the forward chain (no earlier competition to train on); never a forward-chain test fold
7529,135784,FIFA World Cup 2018,2018-06-16,primary_evaluation_population,held_out_fold_rule,earliest competition 'FIFA World Cup 2018' is train-only in the forward chain (no earlier competition to train on); never a forward-chain test fold
7535,135785,FIFA World Cup 2018,2018-06-17,primary_evaluation_population,held_out_fold_rule,earliest competition 'FIFA World Cup 2018' is train-only in the forward chain (no earlier competition to train on); never a forward-chain test fold
7534,135786,FIFA World Cup 2018,2018-06-17,primary_evaluation_population,held_out_fold_rule,earliest competition 'FIFA World Cup 2018' is train-only in the forward chain (no earlier competition to train on); never a forward-chain test fold
7533,135787,FIFA World Cup 2018,2018-06-17,primary_evaluation_population,held_out_fold_rule,earliest competition 'FIFA World Cup 2018' is train-only in the forward chain (no earlier competition to train on); never a forward-chain test fold
7538,135788,FIFA World Cup 2018,2018-06-18,primary_evaluation_population,held_out_fold_rule,earliest competition 'FIFA World Cup 2018' is train-only in the forward chain (no earlier competition to train on); never a forward-chain test fold
7536,135789,FIFA World Cup 2018,2018-06-18,primary_evaluation_population,held_out_fold_rule,earliest competition 'FIFA World Cup 2018' is train-only in the forward chain (no earlier competition to train on); never a forward-chain test fold
7537,135790,FIFA World Cup 2018,2018-06-18,primary_evaluation_population,held_out_fold_rule,earliest competition 'FIFA World Cup 2018' is train-only in the forward chain (no earlier competition to train on); never a forward-chain test fold
7541,135791,FIFA World Cup 2018,2018-06-19,event_process_population,missing_statsbomb_events,exact intl bridge match has no StatsBomb event JSON in the on-disk read-only cache (prior pull pruned); cannot produce leakage-safe snapshots
7539,135792,FIFA World Cup 2018,2018-06-19,primary_evaluation_population,held_out_fold_rule,earliest competition 'FIFA World Cup 2018' is train-only in the forward chain (no earlier competition to train on); never a forward-chain test fold
7540,135793,FIFA World Cup 2018,2018-06-19,event_process_population,missing_statsbomb_events,exact intl bridge match has no StatsBomb event JSON in the on-disk read-only cache (prior pull pruned); cannot produce leakage-safe snapshots
7542,135794,FIFA World Cup 2018,2018-06-20,event_process_population,missing_statsbomb_events,exact intl bridge match has no StatsBomb event JSON in the on-disk read-only cache (prior pull pruned); cannot produce leakage-safe snapshots
7544,135795,FIFA World Cup 2018,2018-06-20,event_process_population,missing_statsbomb_events,exact intl bridge match has no StatsBomb event JSON in the on-disk read-only cache (prior pull pruned); cannot produce leakage-safe snapshots
7543,135796,FIFA World Cup 2018,2018-06-20,event_process_population,missing_statsbomb_events,exact intl bridge match has no StatsBomb event JSON in the on-disk read-only cache (prior pull pruned); cannot produce leakage-safe snapshots
7547,135797,FIFA World Cup 2018,2018-06-21,event_process_population,missing_statsbomb_events,exact intl bridge match has no StatsBomb event JSON in the on-disk read-only cache (prior pull pruned); cannot produce leakage-safe snapshots
7546,135798,FIFA World Cup 2018,2018-06-21,event_process_population,missing_statsbomb_events,exact intl bridge match has no StatsBomb event JSON in the on-disk read-only cache (prior pull pruned); cannot produce leakage-safe snapshots
7545,135799,FIFA World Cup 2018,2018-06-21,event_process_population,missing_statsbomb_events,exact intl bridge match has no StatsBomb event JSON in the on-disk read-only cache (prior pull pruned); cannot produce leakage-safe snapshots
7548,135800,FIFA World Cup 2018,2018-06-22,event_process_population,missing_statsbomb_events,exact intl bridge match has no StatsBomb event JSON in the on-disk read-only cache (prior pull pruned); cannot produce leakage-safe snapshots
7549,135801,FIFA World Cup 2018,2018-06-22,event_process_population,missing_statsbomb_events,exact intl bridge match has no StatsBomb event JSON in the on-disk read-only cache (prior pull pruned); cannot produce leakage-safe snapshots
7550,135802,FIFA World Cup 2018,2018-06-22,event_process_population,missing_statsbomb_events,exact intl bridge match has no StatsBomb event JSON in the on-disk read-only cache (prior pull pruned); cannot produce leakage-safe snapshots
7552,135803,FIFA World Cup 2018,2018-06-23,event_process_population,missing_statsbomb_events,exact intl bridge match has no StatsBomb event JSON in the on-disk read-only cache (prior pull pruned); cannot produce leakage-safe snapshots
7553,135804,FIFA World Cup 2018,2018-06-23,event_process_population,missing_statsbomb_events,exact intl bridge match has no StatsBomb event JSON in the on-disk read-only cache (prior pull pruned); cannot produce leakage-safe snapshots
7551,135805,FIFA World Cup 2018,2018-06-23,event_process_population,missing_statsbomb_events,exact intl bridge match has no StatsBomb event JSON in the on-disk read-only cache (prior pull pruned); cannot produce leakage-safe snapshots
7554,135806,FIFA World Cup 2018,2018-06-24,event_process_population,missing_statsbomb_events,exact intl bridge match has no StatsBomb event JSON in the on-disk read-only cache (prior pull pruned); cannot produce leakage-safe snapshots
7556,135807,FIFA World Cup 2018,2018-06-24,event_process_population,missing_statsbomb_events,exact intl bridge match has no StatsBomb event JSON in the on-disk read-only cache (prior pull pruned); cannot produce leakage-safe snapshots
7555,135808,FIFA World Cup 2018,2018-06-24,event_process_population,missing_statsbomb_events,exact intl bridge match has no StatsBomb event JSON in the on-disk read-only cache (prior pull pruned); cannot produce leakage-safe snapshots
7558,135809,FIFA World Cup 2018,2018-06-25,event_process_population,missing_statsbomb_events,exact intl bridge match has no StatsBomb event JSON in the on-disk read-only cache (prior pull pruned); cannot produce leakage-safe snapshots
7559,135810,FIFA World Cup 2018,2018-06-25,event_process_population,missing_statsbomb_events,exact intl bridge match has no StatsBomb event JSON in the on-disk read-only cache (prior pull pruned); cannot produce leakage-safe snapshots
7557,135811,FIFA World Cup 2018,2018-06-25,event_process_population,missing_statsbomb_events,exact intl bridge match has no StatsBomb event JSON in the on-disk read-only cache (prior pull pruned); cannot produce leakage-safe snapshots
7560,135812,FIFA World Cup 2018,2018-06-25,event_process_population,missing_statsbomb_events,exact intl bridge match has no StatsBomb event JSON in the on-disk read-only cache (prior pull pruned); cannot produce leakage-safe snapshots
7563,135813,FIFA World Cup 2018,2018-06-26,event_process_population,missing_statsbomb_events,exact intl bridge match has no StatsBomb event JSON in the on-disk read-only cache (prior pull pruned); cannot produce leakage-safe snapshots
7562,135814,FIFA World Cup 2018,2018-06-26,event_process_population,missing_statsbomb_events,exact intl bridge match has no StatsBomb event JSON in the on-disk read-only cache (prior pull pruned); cannot produce leakage-safe snapshots
7564,135815,FIFA World Cup 2018,2018-06-26,event_process_population,missing_statsbomb_events,exact intl bridge match has no StatsBomb event JSON in the on-disk read-only cache (prior pull pruned); cannot produce leakage-safe snapshots
7561,135816,FIFA World Cup 2018,2018-06-26,event_process_population,missing_statsbomb_events,exact intl bridge match has no StatsBomb event JSON in the on-disk read-only cache (prior pull pruned); cannot produce leakage-safe snapshots
7567,135817,FIFA World Cup 2018,2018-06-27,event_process_population,missing_statsbomb_events,exact intl bridge match has no StatsBomb event JSON in the on-disk read-only cache (prior pull pruned); cannot produce leakage-safe snapshots
7566,135818,FIFA World Cup 2018,2018-06-27,event_process_population,missing_statsbomb_events,exact intl bridge match has no StatsBomb event JSON in the on-disk read-only cache (prior pull pruned); cannot produce leakage-safe snapshots
7565,135819,FIFA World Cup 2018,2018-06-27,event_process_population,missing_statsbomb_events,exact intl bridge match has no StatsBomb event JSON in the on-disk read-only cache (prior pull pruned); cannot produce leakage-safe snapshots
7568,135820,FIFA World Cup 2018,2018-06-27,event_process_population,missing_statsbomb_events,exact intl bridge match has no StatsBomb event JSON in the on-disk read-only cache (prior pull pruned); cannot produce leakage-safe snapshots
7572,135821,FIFA World Cup 2018,2018-06-28,event_process_population,missing_statsbomb_events,exact intl bridge match has no StatsBomb event JSON in the on-disk read-only cache (prior pull pruned); cannot produce leakage-safe snapshots
7571,135822,FIFA World Cup 2018,2018-06-28,event_process_population,missing_statsbomb_events,exact intl bridge match has no StatsBomb event JSON in the on-disk read-only cache (prior pull pruned); cannot produce leakage-safe snapshots
7570,135823,FIFA World Cup 2018,2018-06-28,event_process_population,missing_statsbomb_events,exact intl bridge match has no StatsBomb event JSON in the on-disk read-only cache (prior pull pruned); cannot produce leakage-safe snapshots
7569,135824,FIFA World Cup 2018,2018-06-28,event_process_population,missing_statsbomb_events,exact intl bridge match has no StatsBomb event JSON in the on-disk read-only cache (prior pull pruned); cannot produce leakage-safe snapshots
7580,135761,FIFA World Cup 2018,2018-06-30,event_process_population,missing_statsbomb_events,exact intl bridge match has no StatsBomb event JSON in the on-disk read-only cache (prior pull pruned); cannot produce leakage-safe snapshots
7579,135762,FIFA World Cup 2018,2018-06-30,event_process_population,missing_statsbomb_events,exact intl bridge match has no StatsBomb event JSON in the on-disk read-only cache (prior pull pruned); cannot produce leakage-safe snapshots
7582,135763,FIFA World Cup 2018,2018-07-01,event_process_population,missing_statsbomb_events,exact intl bridge match has no StatsBomb event JSON in the on-disk read-only cache (prior pull pruned); cannot produce leakage-safe snapshots
7581,135764,FIFA World Cup 2018,2018-07-01,event_process_population,missing_statsbomb_events,exact intl bridge match has no StatsBomb event JSON in the on-disk read-only cache (prior pull pruned); cannot produce leakage-safe snapshots
7583,135765,FIFA World Cup 2018,2018-07-02,event_process_population,missing_statsbomb_events,exact intl bridge match has no StatsBomb event JSON in the on-disk read-only cache (prior pull pruned); cannot produce leakage-safe snapshots
7584,135766,FIFA World Cup 2018,2018-07-02,event_process_population,missing_statsbomb_events,exact intl bridge match has no StatsBomb event JSON in the on-disk read-only cache (prior pull pruned); cannot produce leakage-safe snapshots
7586,135767,FIFA World Cup 2018,2018-07-03,event_process_population,missing_statsbomb_events,exact intl bridge match has no StatsBomb event JSON in the on-disk read-only cache (prior pull pruned); cannot produce leakage-safe snapshots
7585,135768,FIFA World Cup 2018,2018-07-03,event_process_population,missing_statsbomb_events,exact intl bridge match has no StatsBomb event JSON in the on-disk read-only cache (prior pull pruned); cannot produce leakage-safe snapshots
8649,135769,FIFA World Cup 2018,2018-07-06,event_process_population,missing_statsbomb_events,exact intl bridge match has no StatsBomb event JSON in the on-disk read-only cache (prior pull pruned); cannot produce leakage-safe snapshots
8650,135770,FIFA World Cup 2018,2018-07-06,event_process_population,missing_statsbomb_events,exact intl bridge match has no StatsBomb event JSON in the on-disk read-only cache (prior pull pruned); cannot produce leakage-safe snapshots
8651,135771,FIFA World Cup 2018,2018-07-07,event_process_population,missing_statsbomb_events,exact intl bridge match has no StatsBomb event JSON in the on-disk read-only cache (prior pull pruned); cannot produce leakage-safe snapshots
8652,135772,FIFA World Cup 2018,2018-07-07,event_process_population,missing_statsbomb_events,exact intl bridge match has no StatsBomb event JSON in the on-disk read-only cache (prior pull pruned); cannot produce leakage-safe snapshots
8655,135773,FIFA World Cup 2018,2018-07-10,event_process_population,missing_statsbomb_events,exact intl bridge match has no StatsBomb event JSON in the on-disk read-only cache (prior pull pruned); cannot produce leakage-safe snapshots
8656,135774,FIFA World Cup 2018,2018-07-11,event_process_population,missing_statsbomb_events,exact intl bridge match has no StatsBomb event JSON in the on-disk read-only cache (prior pull pruned); cannot produce leakage-safe snapshots
8657,135775,FIFA World Cup 2018,2018-07-14,event_process_population,missing_statsbomb_events,exact intl bridge match has no StatsBomb event JSON in the on-disk read-only cache (prior pull pruned); cannot produce leakage-safe snapshots
8658,135776,FIFA World Cup 2018,2018-07-15,event_process_population,missing_statsbomb_events,exact intl bridge match has no StatsBomb event JSON in the on-disk read-only cache (prior pull pruned); cannot produce leakage-safe snapshots
3857286,855736,FIFA World Cup 2022,2022-11-20,event_process_population,missing_statsbomb_events,exact intl bridge match has no StatsBomb event JSON in the on-disk read-only cache (prior pull pruned); cannot produce leakage-safe snapshots
3857285,855734,FIFA World Cup 2022,2022-11-21,event_process_population,missing_statsbomb_events,exact intl bridge match has no StatsBomb event JSON in the on-disk read-only cache (prior pull pruned); cannot produce leakage-safe snapshots
3857271,855735,FIFA World Cup 2022,2022-11-21,event_process_population,missing_statsbomb_events,exact intl bridge match has no StatsBomb event JSON in the on-disk read-only cache (prior pull pruned); cannot produce leakage-safe snapshots
3857282,866681,FIFA World Cup 2022,2022-11-21,event_process_population,missing_statsbomb_events,exact intl bridge match has no StatsBomb event JSON in the on-disk read-only cache (prior pull pruned); cannot produce leakage-safe snapshots
3857300,855737,FIFA World Cup 2022,2022-11-22,event_process_population,missing_statsbomb_events,exact intl bridge match has no StatsBomb event JSON in the on-disk read-only cache (prior pull pruned); cannot produce leakage-safe snapshots
3857279,871850,FIFA World Cup 2022,2022-11-22,event_process_population,missing_statsbomb_events,exact intl bridge match has no StatsBomb event JSON in the on-disk read-only cache (prior pull pruned); cannot produce leakage-safe snapshots
3857277,855740,FIFA World Cup 2022,2022-11-23,event_process_population,missing_statsbomb_events,exact intl bridge match has no StatsBomb event JSON in the on-disk read-only cache (prior pull pruned); cannot produce leakage-safe snapshots
3857284,855741,FIFA World Cup 2022,2022-11-23,event_process_population,missing_statsbomb_events,exact intl bridge match has no StatsBomb event JSON in the on-disk read-only cache (prior pull pruned); cannot produce leakage-safe snapshots
3857268,855742,FIFA World Cup 2022,2022-11-23,event_process_population,missing_statsbomb_events,exact intl bridge match has no StatsBomb event JSON in the on-disk read-only cache (prior pull pruned); cannot produce leakage-safe snapshots
3857291,871851,FIFA World Cup 2022,2022-11-23,event_process_population,missing_statsbomb_events,exact intl bridge match has no StatsBomb event JSON in the on-disk read-only cache (prior pull pruned); cannot produce leakage-safe snapshots
3857290,855743,FIFA World Cup 2022,2022-11-24,event_process_population,missing_statsbomb_events,exact intl bridge match has no StatsBomb event JSON in the on-disk read-only cache (prior pull pruned); cannot produce leakage-safe snapshots
3857287,855744,FIFA World Cup 2022,2022-11-24,event_process_population,missing_statsbomb_events,exact intl bridge match has no StatsBomb event JSON in the on-disk read-only cache (prior pull pruned); cannot produce leakage-safe snapshots
3857298,855745,FIFA World Cup 2022,2022-11-24,event_process_population,missing_statsbomb_events,exact intl bridge match has no StatsBomb event JSON in the on-disk read-only cache (prior pull pruned); cannot produce leakage-safe snapshots
3857301,855747,FIFA World Cup 2022,2022-11-25,event_process_population,missing_statsbomb_events,exact intl bridge match has no StatsBomb event JSON in the on-disk read-only cache (prior pull pruned); cannot produce leakage-safe snapshots
3857274,855748,FIFA World Cup 2022,2022-11-25,event_process_population,missing_statsbomb_events,exact intl bridge match has no StatsBomb event JSON in the on-disk read-only cache (prior pull pruned); cannot produce leakage-safe snapshots
3857272,855749,FIFA World Cup 2022,2022-11-25,event_process_population,missing_statsbomb_events,exact intl bridge match has no StatsBomb event JSON in the on-disk read-only cache (prior pull pruned); cannot produce leakage-safe snapshots
3857273,866682,FIFA World Cup 2022,2022-11-25,event_process_population,missing_statsbomb_events,exact intl bridge match has no StatsBomb event JSON in the on-disk read-only cache (prior pull pruned); cannot produce leakage-safe snapshots
3857297,855750,FIFA World Cup 2022,2022-11-26,event_process_population,missing_statsbomb_events,exact intl bridge match has no StatsBomb event JSON in the on-disk read-only cache (prior pull pruned); cannot produce leakage-safe snapshots
3857266,855751,FIFA World Cup 2022,2022-11-26,event_process_population,missing_statsbomb_events,exact intl bridge match has no StatsBomb event JSON in the on-disk read-only cache (prior pull pruned); cannot produce leakage-safe snapshots
3857289,855752,FIFA World Cup 2022,2022-11-26,event_process_population,missing_statsbomb_events,exact intl bridge match has no StatsBomb event JSON in the on-disk read-only cache (prior pull pruned); cannot produce leakage-safe snapshots
3857288,871852,FIFA World Cup 2022,2022-11-26,event_process_population,missing_statsbomb_events,exact intl bridge match has no StatsBomb event JSON in the on-disk read-only cache (prior pull pruned); cannot produce leakage-safe snapshots
3857283,855753,FIFA World Cup 2022,2022-11-27,event_process_population,missing_statsbomb_events,exact intl bridge match has no StatsBomb event JSON in the on-disk read-only cache (prior pull pruned); cannot produce leakage-safe snapshots
3857281,855754,FIFA World Cup 2022,2022-11-27,event_process_population,missing_statsbomb_events,exact intl bridge match has no StatsBomb event JSON in the on-disk read-only cache (prior pull pruned); cannot produce leakage-safe snapshots
3857295,871853,FIFA World Cup 2022,2022-11-27,event_process_population,missing_statsbomb_events,exact intl bridge match has no StatsBomb event JSON in the on-disk read-only cache (prior pull pruned); cannot produce leakage-safe snapshots
3857299,855757,FIFA World Cup 2022,2022-11-28,event_process_population,missing_statsbomb_events,exact intl bridge match has no StatsBomb event JSON in the on-disk read-only cache (prior pull pruned); cannot produce leakage-safe snapshots
3857269,855758,FIFA World Cup 2022,2022-11-28,event_process_population,missing_statsbomb_events,exact intl bridge match has no StatsBomb event JSON in the on-disk read-only cache (prior pull pruned); cannot produce leakage-safe snapshots
3857270,855759,FIFA World Cup 2022,2022-11-28,event_process_population,missing_statsbomb_events,exact intl bridge match has no StatsBomb event JSON in the on-disk read-only cache (prior pull pruned); cannot produce leakage-safe snapshots
3857294,855760,FIFA World Cup 2022,2022-11-29,event_process_population,missing_statsbomb_events,exact intl bridge match has no StatsBomb event JSON in the on-disk read-only cache (prior pull pruned); cannot produce leakage-safe snapshots
3857267,855761,FIFA World Cup 2022,2022-11-29,event_process_population,missing_statsbomb_events,exact intl bridge match has no StatsBomb event JSON in the on-disk read-only cache (prior pull pruned); cannot produce leakage-safe snapshots
3857278,855762,FIFA World Cup 2022,2022-11-29,event_process_population,missing_statsbomb_events,exact intl bridge match has no StatsBomb event JSON in the on-disk read-only cache (prior pull pruned); cannot produce leakage-safe snapshots
3857275,855763,FIFA World Cup 2022,2022-11-30,event_process_population,missing_statsbomb_events,exact intl bridge match has no StatsBomb event JSON in the on-disk read-only cache (prior pull pruned); cannot produce leakage-safe snapshots
3857296,855766,FIFA World Cup 2022,2022-12-01,event_process_population,missing_statsbomb_events,exact intl bridge match has no StatsBomb event JSON in the on-disk read-only cache (prior pull pruned); cannot produce leakage-safe snapshots
3857276,855767,FIFA World Cup 2022,2022-12-01,event_process_population,missing_statsbomb_events,exact intl bridge match has no StatsBomb event JSON in the on-disk read-only cache (prior pull pruned); cannot produce leakage-safe snapshots
3857292,871855,FIFA World Cup 2022,2022-12-01,event_process_population,missing_statsbomb_events,exact intl bridge match has no StatsBomb event JSON in the on-disk read-only cache (prior pull pruned); cannot produce leakage-safe snapshots
3857293,855770,FIFA World Cup 2022,2022-12-02,event_process_population,missing_statsbomb_events,exact intl bridge match has no StatsBomb event JSON in the on-disk read-only cache (prior pull pruned); cannot produce leakage-safe snapshots
3857280,855771,FIFA World Cup 2022,2022-12-02,event_process_population,missing_statsbomb_events,exact intl bridge match has no StatsBomb event JSON in the on-disk read-only cache (prior pull pruned); cannot produce leakage-safe snapshots
3869117,976533,FIFA World Cup 2022,2022-12-03,event_process_population,missing_statsbomb_events,exact intl bridge match has no StatsBomb event JSON in the on-disk read-only cache (prior pull pruned); cannot produce leakage-safe snapshots
3869151,976642,FIFA World Cup 2022,2022-12-03,event_process_population,missing_statsbomb_events,exact intl bridge match has no StatsBomb event JSON in the on-disk read-only cache (prior pull pruned); cannot produce leakage-safe snapshots
3869118,976534,FIFA World Cup 2022,2022-12-04,event_process_population,missing_statsbomb_events,exact intl bridge match has no StatsBomb event JSON in the on-disk read-only cache (prior pull pruned); cannot produce leakage-safe snapshots
3869152,976643,FIFA World Cup 2022,2022-12-04,event_process_population,missing_statsbomb_events,exact intl bridge match has no StatsBomb event JSON in the on-disk read-only cache (prior pull pruned); cannot produce leakage-safe snapshots
3869219,977344,FIFA World Cup 2022,2022-12-05,event_process_population,missing_statsbomb_events,exact intl bridge match has no StatsBomb event JSON in the on-disk read-only cache (prior pull pruned); cannot produce leakage-safe snapshots
3869253,977705,FIFA World Cup 2022,2022-12-05,event_process_population,missing_statsbomb_events,exact intl bridge match has no StatsBomb event JSON in the on-disk read-only cache (prior pull pruned); cannot produce leakage-safe snapshots
3869220,977345,FIFA World Cup 2022,2022-12-06,event_process_population,missing_statsbomb_events,exact intl bridge match has no StatsBomb event JSON in the on-disk read-only cache (prior pull pruned); cannot produce leakage-safe snapshots
3869254,977706,FIFA World Cup 2022,2022-12-06,event_process_population,missing_statsbomb_events,exact intl bridge match has no StatsBomb event JSON in the on-disk read-only cache (prior pull pruned); cannot produce leakage-safe snapshots
3869321,977794,FIFA World Cup 2022,2022-12-09,event_process_population,missing_statsbomb_events,exact intl bridge match has no StatsBomb event JSON in the on-disk read-only cache (prior pull pruned); cannot produce leakage-safe snapshots
3869420,978072,FIFA World Cup 2022,2022-12-09,event_process_population,missing_statsbomb_events,exact intl bridge match has no StatsBomb event JSON in the on-disk read-only cache (prior pull pruned); cannot produce leakage-safe snapshots
3869354,978036,FIFA World Cup 2022,2022-12-10,event_process_population,missing_statsbomb_events,exact intl bridge match has no StatsBomb event JSON in the on-disk read-only cache (prior pull pruned); cannot produce leakage-safe snapshots
3869486,978088,FIFA World Cup 2022,2022-12-10,event_process_population,missing_statsbomb_events,exact intl bridge match has no StatsBomb event JSON in the on-disk read-only cache (prior pull pruned); cannot produce leakage-safe snapshots
3869519,978279,FIFA World Cup 2022,2022-12-13,event_process_population,missing_statsbomb_events,exact intl bridge match has no StatsBomb event JSON in the on-disk read-only cache (prior pull pruned); cannot produce leakage-safe snapshots
3869552,978488,FIFA World Cup 2022,2022-12-14,event_process_population,missing_statsbomb_events,exact intl bridge match has no StatsBomb event JSON in the on-disk read-only cache (prior pull pruned); cannot produce leakage-safe snapshots
3869684,979138,FIFA World Cup 2022,2022-12-17,event_process_population,missing_statsbomb_events,exact intl bridge match has no StatsBomb event JSON in the on-disk read-only cache (prior pull pruned); cannot produce leakage-safe snapshots
3869685,979139,FIFA World Cup 2022,2022-12-18,event_process_population,missing_statsbomb_events,exact intl bridge match has no StatsBomb event JSON in the on-disk read-only cache (prior pull pruned); cannot produce leakage-safe snapshots
3788753,657686,UEFA Euro 2020,2021-06-16,event_process_population,missing_statsbomb_events,exact intl bridge match has no StatsBomb event JSON in the on-disk read-only cache (prior pull pruned); cannot produce leakage-safe snapshots
3788755,657687,UEFA Euro 2020,2021-06-16,event_process_population,missing_statsbomb_events,exact intl bridge match has no StatsBomb event JSON in the on-disk read-only cache (prior pull pruned); cannot produce leakage-safe snapshots
3788754,657688,UEFA Euro 2020,2021-06-16,event_process_population,missing_statsbomb_events,exact intl bridge match has no StatsBomb event JSON in the on-disk read-only cache (prior pull pruned); cannot produce leakage-safe snapshots
3788758,657689,UEFA Euro 2020,2021-06-17,event_process_population,missing_statsbomb_events,exact intl bridge match has no StatsBomb event JSON in the on-disk read-only cache (prior pull pruned); cannot produce leakage-safe snapshots
3788757,657690,UEFA Euro 2020,2021-06-17,event_process_population,missing_statsbomb_events,exact intl bridge match has no StatsBomb event JSON in the on-disk read-only cache (prior pull pruned); cannot produce leakage-safe snapshots
3788756,657691,UEFA Euro 2020,2021-06-17,event_process_population,missing_statsbomb_events,exact intl bridge match has no StatsBomb event JSON in the on-disk read-only cache (prior pull pruned); cannot produce leakage-safe snapshots
3788761,657692,UEFA Euro 2020,2021-06-18,event_process_population,missing_statsbomb_events,exact intl bridge match has no StatsBomb event JSON in the on-disk read-only cache (prior pull pruned); cannot produce leakage-safe snapshots
3788760,657693,UEFA Euro 2020,2021-06-18,event_process_population,missing_statsbomb_events,exact intl bridge match has no StatsBomb event JSON in the on-disk read-only cache (prior pull pruned); cannot produce leakage-safe snapshots
3788759,657694,UEFA Euro 2020,2021-06-18,event_process_population,missing_statsbomb_events,exact intl bridge match has no StatsBomb event JSON in the on-disk read-only cache (prior pull pruned); cannot produce leakage-safe snapshots
3788763,657695,UEFA Euro 2020,2021-06-19,event_process_population,missing_statsbomb_events,exact intl bridge match has no StatsBomb event JSON in the on-disk read-only cache (prior pull pruned); cannot produce leakage-safe snapshots
3788764,657696,UEFA Euro 2020,2021-06-19,event_process_population,missing_statsbomb_events,exact intl bridge match has no StatsBomb event JSON in the on-disk read-only cache (prior pull pruned); cannot produce leakage-safe snapshots
3788762,657697,UEFA Euro 2020,2021-06-19,event_process_population,missing_statsbomb_events,exact intl bridge match has no StatsBomb event JSON in the on-disk read-only cache (prior pull pruned); cannot produce leakage-safe snapshots
3788765,657698,UEFA Euro 2020,2021-06-20,event_process_population,missing_statsbomb_events,exact intl bridge match has no StatsBomb event JSON in the on-disk read-only cache (prior pull pruned); cannot produce leakage-safe snapshots
3788766,657699,UEFA Euro 2020,2021-06-20,event_process_population,missing_statsbomb_events,exact intl bridge match has no StatsBomb event JSON in the on-disk read-only cache (prior pull pruned); cannot produce leakage-safe snapshots
3788767,657700,UEFA Euro 2020,2021-06-21,event_process_population,missing_statsbomb_events,exact intl bridge match has no StatsBomb event JSON in the on-disk read-only cache (prior pull pruned); cannot produce leakage-safe snapshots
3788770,657701,UEFA Euro 2020,2021-06-21,event_process_population,missing_statsbomb_events,exact intl bridge match has no StatsBomb event JSON in the on-disk read-only cache (prior pull pruned); cannot produce leakage-safe snapshots
3788769,657702,UEFA Euro 2020,2021-06-21,event_process_population,missing_statsbomb_events,exact intl bridge match has no StatsBomb event JSON in the on-disk read-only cache (prior pull pruned); cannot produce leakage-safe snapshots
3788768,657703,UEFA Euro 2020,2021-06-21,event_process_population,missing_statsbomb_events,exact intl bridge match has no StatsBomb event JSON in the on-disk read-only cache (prior pull pruned); cannot produce leakage-safe snapshots
3788771,657704,UEFA Euro 2020,2021-06-22,event_process_population,missing_statsbomb_events,exact intl bridge match has no StatsBomb event JSON in the on-disk read-only cache (prior pull pruned); cannot produce leakage-safe snapshots
3788772,657705,UEFA Euro 2020,2021-06-22,event_process_population,missing_statsbomb_events,exact intl bridge match has no StatsBomb event JSON in the on-disk read-only cache (prior pull pruned); cannot produce leakage-safe snapshots
3788776,657706,UEFA Euro 2020,2021-06-23,event_process_population,missing_statsbomb_events,exact intl bridge match has no StatsBomb event JSON in the on-disk read-only cache (prior pull pruned); cannot produce leakage-safe snapshots
3788775,657707,UEFA Euro 2020,2021-06-23,event_process_population,missing_statsbomb_events,exact intl bridge match has no StatsBomb event JSON in the on-disk read-only cache (prior pull pruned); cannot produce leakage-safe snapshots
3788773,657708,UEFA Euro 2020,2021-06-23,event_process_population,missing_statsbomb_events,exact intl bridge match has no StatsBomb event JSON in the on-disk read-only cache (prior pull pruned); cannot produce leakage-safe snapshots
3788774,657709,UEFA Euro 2020,2021-06-23,event_process_population,missing_statsbomb_events,exact intl bridge match has no StatsBomb event JSON in the on-disk read-only cache (prior pull pruned); cannot produce leakage-safe snapshots
3794689,713160,UEFA Euro 2020,2021-06-26,event_process_population,missing_statsbomb_events,exact intl bridge match has no StatsBomb event JSON in the on-disk read-only cache (prior pull pruned); cannot produce leakage-safe snapshots
3794685,713161,UEFA Euro 2020,2021-06-26,event_process_population,missing_statsbomb_events,exact intl bridge match has no StatsBomb event JSON in the on-disk read-only cache (prior pull pruned); cannot produce leakage-safe snapshots
3794690,713471,UEFA Euro 2020,2021-06-27,event_process_population,missing_statsbomb_events,exact intl bridge match has no StatsBomb event JSON in the on-disk read-only cache (prior pull pruned); cannot produce leakage-safe snapshots
3794687,713473,UEFA Euro 2020,2021-06-27,event_process_population,missing_statsbomb_events,exact intl bridge match has no StatsBomb event JSON in the on-disk read-only cache (prior pull pruned); cannot produce leakage-safe snapshots
3794686,713472,UEFA Euro 2020,2021-06-28,event_process_population,missing_statsbomb_events,exact intl bridge match has no StatsBomb event JSON in the on-disk read-only cache (prior pull pruned); cannot produce leakage-safe snapshots
3794691,713474,UEFA Euro 2020,2021-06-28,event_process_population,missing_statsbomb_events,exact intl bridge match has no StatsBomb event JSON in the on-disk read-only cache (prior pull pruned); cannot produce leakage-safe snapshots
3794688,713475,UEFA Euro 2020,2021-06-29,event_process_population,missing_statsbomb_events,exact intl bridge match has no StatsBomb event JSON in the on-disk read-only cache (prior pull pruned); cannot produce leakage-safe snapshots
3794692,713476,UEFA Euro 2020,2021-06-29,event_process_population,missing_statsbomb_events,exact intl bridge match has no StatsBomb event JSON in the on-disk read-only cache (prior pull pruned); cannot produce leakage-safe snapshots
3795107,718242,UEFA Euro 2020,2021-07-02,event_process_population,missing_statsbomb_events,exact intl bridge match has no StatsBomb event JSON in the on-disk read-only cache (prior pull pruned); cannot produce leakage-safe snapshots
3795108,718243,UEFA Euro 2020,2021-07-02,event_process_population,missing_statsbomb_events,exact intl bridge match has no StatsBomb event JSON in the on-disk read-only cache (prior pull pruned); cannot produce leakage-safe snapshots
3795109,718186,UEFA Euro 2020,2021-07-03,event_process_population,missing_statsbomb_events,exact intl bridge match has no StatsBomb event JSON in the on-disk read-only cache (prior pull pruned); cannot produce leakage-safe snapshots
3795187,718252,UEFA Euro 2020,2021-07-03,event_process_population,missing_statsbomb_events,exact intl bridge match has no StatsBomb event JSON in the on-disk read-only cache (prior pull pruned); cannot produce leakage-safe snapshots
3795220,721122,UEFA Euro 2020,2021-07-06,event_process_population,missing_statsbomb_events,exact intl bridge match has no StatsBomb event JSON in the on-disk read-only cache (prior pull pruned); cannot produce leakage-safe snapshots
3795221,721123,UEFA Euro 2020,2021-07-07,event_process_population,missing_statsbomb_events,exact intl bridge match has no StatsBomb event JSON in the on-disk read-only cache (prior pull pruned); cannot produce leakage-safe snapshots
3795506,723370,UEFA Euro 2020,2021-07-11,event_process_population,missing_statsbomb_events,exact intl bridge match has no StatsBomb event JSON in the on-disk read-only cache (prior pull pruned); cannot produce leakage-safe snapshots
3938637,1189846,UEFA Euro 2024,2024-06-16,event_process_population,missing_statsbomb_events,exact intl bridge match has no StatsBomb event JSON in the on-disk read-only cache (prior pull pruned); cannot produce leakage-safe snapshots
3938638,1189847,UEFA Euro 2024,2024-06-17,event_process_population,missing_statsbomb_events,exact intl bridge match has no StatsBomb event JSON in the on-disk read-only cache (prior pull pruned); cannot produce leakage-safe snapshots
3938639,1189848,UEFA Euro 2024,2024-06-18,event_process_population,missing_statsbomb_events,exact intl bridge match has no StatsBomb event JSON in the on-disk read-only cache (prior pull pruned); cannot produce leakage-safe snapshots
3930172,1145521,UEFA Euro 2024,2024-06-20,event_process_population,missing_statsbomb_events,exact intl bridge match has no StatsBomb event JSON in the on-disk read-only cache (prior pull pruned); cannot produce leakage-safe snapshots
3930171,1145522,UEFA Euro 2024,2024-06-20,event_process_population,missing_statsbomb_events,exact intl bridge match has no StatsBomb event JSON in the on-disk read-only cache (prior pull pruned); cannot produce leakage-safe snapshots
3930170,1145523,UEFA Euro 2024,2024-06-20,event_process_population,missing_statsbomb_events,exact intl bridge match has no StatsBomb event JSON in the on-disk read-only cache (prior pull pruned); cannot produce leakage-safe snapshots
3930173,1145524,UEFA Euro 2024,2024-06-21,event_process_population,missing_statsbomb_events,exact intl bridge match has no StatsBomb event JSON in the on-disk read-only cache (prior pull pruned); cannot produce leakage-safe snapshots
3938640,1189849,UEFA Euro 2024,2024-06-21,event_process_population,missing_statsbomb_events,exact intl bridge match has no StatsBomb event JSON in the on-disk read-only cache (prior pull pruned); cannot produce leakage-safe snapshots
3938641,1189850,UEFA Euro 2024,2024-06-21,event_process_population,missing_statsbomb_events,exact intl bridge match has no StatsBomb event JSON in the on-disk read-only cache (prior pull pruned); cannot produce leakage-safe snapshots
3930175,1145525,UEFA Euro 2024,2024-06-22,event_process_population,missing_statsbomb_events,exact intl bridge match has no StatsBomb event JSON in the on-disk read-only cache (prior pull pruned); cannot produce leakage-safe snapshots
3930174,1145526,UEFA Euro 2024,2024-06-22,event_process_population,missing_statsbomb_events,exact intl bridge match has no StatsBomb event JSON in the on-disk read-only cache (prior pull pruned); cannot produce leakage-safe snapshots
3938642,1189851,UEFA Euro 2024,2024-06-22,event_process_population,missing_statsbomb_events,exact intl bridge match has no StatsBomb event JSON in the on-disk read-only cache (prior pull pruned); cannot produce leakage-safe snapshots
3930176,1145527,UEFA Euro 2024,2024-06-23,event_process_population,missing_statsbomb_events,exact intl bridge match has no StatsBomb event JSON in the on-disk read-only cache (prior pull pruned); cannot produce leakage-safe snapshots
3930177,1145528,UEFA Euro 2024,2024-06-23,event_process_population,missing_statsbomb_events,exact intl bridge match has no StatsBomb event JSON in the on-disk read-only cache (prior pull pruned); cannot produce leakage-safe snapshots
3930178,1145529,UEFA Euro 2024,2024-06-24,event_process_population,missing_statsbomb_events,exact intl bridge match has no StatsBomb event JSON in the on-disk read-only cache (prior pull pruned); cannot produce leakage-safe snapshots
3930179,1145530,UEFA Euro 2024,2024-06-24,event_process_population,missing_statsbomb_events,exact intl bridge match has no StatsBomb event JSON in the on-disk read-only cache (prior pull pruned); cannot produce leakage-safe snapshots
3930181,1145531,UEFA Euro 2024,2024-06-25,event_process_population,missing_statsbomb_events,exact intl bridge match has no StatsBomb event JSON in the on-disk read-only cache (prior pull pruned); cannot produce leakage-safe snapshots
3930182,1145532,UEFA Euro 2024,2024-06-25,event_process_population,missing_statsbomb_events,exact intl bridge match has no StatsBomb event JSON in the on-disk read-only cache (prior pull pruned); cannot produce leakage-safe snapshots
3930180,1145533,UEFA Euro 2024,2024-06-25,event_process_population,missing_statsbomb_events,exact intl bridge match has no StatsBomb event JSON in the on-disk read-only cache (prior pull pruned); cannot produce leakage-safe snapshots
3938643,1189852,UEFA Euro 2024,2024-06-25,event_process_population,missing_statsbomb_events,exact intl bridge match has no StatsBomb event JSON in the on-disk read-only cache (prior pull pruned); cannot produce leakage-safe snapshots
3930183,1145534,UEFA Euro 2024,2024-06-26,event_process_population,missing_statsbomb_events,exact intl bridge match has no StatsBomb event JSON in the on-disk read-only cache (prior pull pruned); cannot produce leakage-safe snapshots
3930184,1145535,UEFA Euro 2024,2024-06-26,event_process_population,missing_statsbomb_events,exact intl bridge match has no StatsBomb event JSON in the on-disk read-only cache (prior pull pruned); cannot produce leakage-safe snapshots
3938645,1189853,UEFA Euro 2024,2024-06-26,event_process_population,missing_statsbomb_events,exact intl bridge match has no StatsBomb event JSON in the on-disk read-only cache (prior pull pruned); cannot produce leakage-safe snapshots
3938644,1189854,UEFA Euro 2024,2024-06-26,event_process_population,missing_statsbomb_events,exact intl bridge match has no StatsBomb event JSON in the on-disk read-only cache (prior pull pruned); cannot produce leakage-safe snapshots
3940878,1212958,UEFA Euro 2024,2024-06-29,event_process_population,missing_statsbomb_events,exact intl bridge match has no StatsBomb event JSON in the on-disk read-only cache (prior pull pruned); cannot produce leakage-safe snapshots
3940983,1214156,UEFA Euro 2024,2024-06-29,event_process_population,missing_statsbomb_events,exact intl bridge match has no StatsBomb event JSON in the on-disk read-only cache (prior pull pruned); cannot produce leakage-safe snapshots
3941017,1215074,UEFA Euro 2024,2024-06-30,event_process_population,missing_statsbomb_events,exact intl bridge match has no StatsBomb event JSON in the on-disk read-only cache (prior pull pruned); cannot produce leakage-safe snapshots
3941018,1215075,UEFA Euro 2024,2024-06-30,event_process_population,missing_statsbomb_events,exact intl bridge match has no StatsBomb event JSON in the on-disk read-only cache (prior pull pruned); cannot produce leakage-safe snapshots
3941019,1215073,UEFA Euro 2024,2024-07-01,event_process_population,missing_statsbomb_events,exact intl bridge match has no StatsBomb event JSON in the on-disk read-only cache (prior pull pruned); cannot produce leakage-safe snapshots
3941020,1215076,UEFA Euro 2024,2024-07-01,event_process_population,missing_statsbomb_events,exact intl bridge match has no StatsBomb event JSON in the on-disk read-only cache (prior pull pruned); cannot produce leakage-safe snapshots
3941021,1215077,UEFA Euro 2024,2024-07-02,event_process_population,missing_statsbomb_events,exact intl bridge match has no StatsBomb event JSON in the on-disk read-only cache (prior pull pruned); cannot produce leakage-safe snapshots
3941022,1215078,UEFA Euro 2024,2024-07-02,event_process_population,missing_statsbomb_events,exact intl bridge match has no StatsBomb event JSON in the on-disk read-only cache (prior pull pruned); cannot produce leakage-safe snapshots
3942226,1219688,UEFA Euro 2024,2024-07-05,event_process_population,missing_statsbomb_events,exact intl bridge match has no StatsBomb event JSON in the on-disk read-only cache (prior pull pruned); cannot produce leakage-safe snapshots
3942349,1219959,UEFA Euro 2024,2024-07-05,event_process_population,missing_statsbomb_events,exact intl bridge match has no StatsBomb event JSON in the on-disk read-only cache (prior pull pruned); cannot produce leakage-safe snapshots
3942227,1219689,UEFA Euro 2024,2024-07-06,event_process_population,missing_statsbomb_events,exact intl bridge match has no StatsBomb event JSON in the on-disk read-only cache (prior pull pruned); cannot produce leakage-safe snapshots
3942382,1220308,UEFA Euro 2024,2024-07-06,event_process_population,missing_statsbomb_events,exact intl bridge match has no StatsBomb event JSON in the on-disk read-only cache (prior pull pruned); cannot produce leakage-safe snapshots
3942752,1225853,UEFA Euro 2024,2024-07-09,event_process_population,missing_statsbomb_events,exact intl bridge match has no StatsBomb event JSON in the on-disk read-only cache (prior pull pruned); cannot produce leakage-safe snapshots
3942819,1227539,UEFA Euro 2024,2024-07-10,event_process_population,missing_statsbomb_events,exact intl bridge match has no StatsBomb event JSON in the on-disk read-only cache (prior pull pruned); cannot produce leakage-safe snapshots
3943043,1232551,UEFA Euro 2024,2024-07-14,event_process_population,missing_statsbomb_events,exact intl bridge match has no StatsBomb event JSON in the on-disk read-only cache (prior pull pruned); cannot produce leakage-safe snapshots
,132759,UEFA Euro 2020,2019-03-21,exact_bridge_population,ambiguous_bridge,bridge rejected (no_statsbomb_candidate); never entered the exact international population
,132760,UEFA Euro 2020,2019-03-21,exact_bridge_population,ambiguous_bridge,bridge rejected (no_statsbomb_candidate); never entered the exact international population
,132768,UEFA Euro 2020,2019-03-21,exact_bridge_population,failed_reconciliation,bridge rejected (date_mismatch); never entered the exact international population
,132764,UEFA Euro 2020,2019-03-21,exact_bridge_population,ambiguous_bridge,bridge rejected (no_statsbomb_candidate); never entered the exact international population
,132761,UEFA Euro 2020,2019-03-21,exact_bridge_population,ambiguous_bridge,bridge rejected (no_statsbomb_candidate); never entered the exact international population
,132763,UEFA Euro 2020,2019-03-21,exact_bridge_population,ambiguous_bridge,bridge rejected (no_statsbomb_candidate); never entered the exact international population
,132767,UEFA Euro 2020,2019-03-21,exact_bridge_population,ambiguous_bridge,bridge rejected (no_statsbomb_candidate); never entered the exact international population
,132766,UEFA Euro 2020,2019-03-21,exact_bridge_population,ambiguous_bridge,bridge rejected (no_statsbomb_candidate); never entered the exact international population
,132765,UEFA Euro 2020,2019-03-21,exact_bridge_population,ambiguous_bridge,bridge rejected (no_statsbomb_candidate); never entered the exact international population
,132762,UEFA Euro 2020,2019-03-21,exact_bridge_population,ambiguous_bridge,bridge rejected (no_statsbomb_candidate); never entered the exact international population
,132769,UEFA Euro 2020,2019-03-22,exact_bridge_population,ambiguous_bridge,bridge rejected (no_statsbomb_candidate); never entered the exact international population
,132770,UEFA Euro 2020,2019-03-22,exact_bridge_population,failed_reconciliation,bridge rejected (date_mismatch); never entered the exact international population
,132771,UEFA Euro 2020,2019-03-22,exact_bridge_population,ambiguous_bridge,bridge rejected (no_statsbomb_candidate); never entered the exact international population
,132775,UEFA Euro 2020,2019-03-22,exact_bridge_population,ambiguous_bridge,bridge rejected (no_statsbomb_candidate); never entered the exact international population
,132772,UEFA Euro 2020,2019-03-22,exact_bridge_population,ambiguous_bridge,bridge rejected (no_statsbomb_candidate); never entered the exact international population
,132774,UEFA Euro 2020,2019-03-22,exact_bridge_population,ambiguous_bridge,bridge rejected (no_statsbomb_candidate); never entered the exact international population
,132773,UEFA Euro 2020,2019-03-22,exact_bridge_population,ambiguous_bridge,bridge rejected (no_statsbomb_candidate); never entered the exact international population
,132776,UEFA Euro 2020,2019-03-23,exact_bridge_population,ambiguous_bridge,bridge rejected (no_statsbomb_candidate); never entered the exact international population
,132778,UEFA Euro 2020,2019-03-23,exact_bridge_population,ambiguous_bridge,bridge rejected (no_statsbomb_candidate); never entered the exact international population
,132777,UEFA Euro 2020,2019-03-23,exact_bridge_population,ambiguous_bridge,bridge rejected (no_statsbomb_candidate); never entered the exact international population
,132779,UEFA Euro 2020,2019-03-23,exact_bridge_population,ambiguous_bridge,bridge rejected (no_statsbomb_candidate); never entered the exact international population
,132780,UEFA Euro 2020,2019-03-23,exact_bridge_population,ambiguous_bridge,bridge rejected (no_statsbomb_candidate); never entered the exact international population
,132782,UEFA Euro 2020,2019-03-23,exact_bridge_population,ambiguous_bridge,bridge rejected (no_statsbomb_candidate); never entered the exact international population
,132781,UEFA Euro 2020,2019-03-23,exact_bridge_population,ambiguous_bridge,bridge rejected (no_statsbomb_candidate); never entered the exact international population
,132783,UEFA Euro 2020,2019-03-23,exact_bridge_population,ambiguous_bridge,bridge rejected (no_statsbomb_candidate); never entered the exact international population
,132784,UEFA Euro 2020,2019-03-24,exact_bridge_population,ambiguous_bridge,bridge rejected (no_statsbomb_candidate); never entered the exact international population
,132785,UEFA Euro 2020,2019-03-24,exact_bridge_population,ambiguous_bridge,bridge rejected (no_statsbomb_candidate); never entered the exact international population
,132786,UEFA Euro 2020,2019-03-24,exact_bridge_population,ambiguous_bridge,bridge rejected (no_statsbomb_candidate); never entered the exact international population
,132788,UEFA Euro 2020,2019-03-24,exact_bridge_population,ambiguous_bridge,bridge rejected (no_statsbomb_candidate); never entered the exact international population
,132787,UEFA Euro 2020,2019-03-24,exact_bridge_population,ambiguous_bridge,bridge rejected (no_statsbomb_candidate); never entered the exact international population
,132792,UEFA Euro 2020,2019-03-24,exact_bridge_population,ambiguous_bridge,bridge rejected (no_statsbomb_candidate); never entered the exact international population
,132789,UEFA Euro 2020,2019-03-24,exact_bridge_population,ambiguous_bridge,bridge rejected (no_statsbomb_candidate); never entered the exact international population
,132791,UEFA Euro 2020,2019-03-24,exact_bridge_population,ambiguous_bridge,bridge rejected (no_statsbomb_candidate); never entered the exact international population
,132793,UEFA Euro 2020,2019-03-24,exact_bridge_population,ambiguous_bridge,bridge rejected (no_statsbomb_candidate); never entered the exact international population
,132790,UEFA Euro 2020,2019-03-24,exact_bridge_population,ambiguous_bridge,bridge rejected (no_statsbomb_candidate); never entered the exact international population
,132794,UEFA Euro 2020,2019-03-25,exact_bridge_population,ambiguous_bridge,bridge rejected (no_statsbomb_candidate); never entered the exact international population
,132799,UEFA Euro 2020,2019-03-25,exact_bridge_population,ambiguous_bridge,bridge rejected (no_statsbomb_candidate); never entered the exact international population
,132797,UEFA Euro 2020,2019-03-25,exact_bridge_population,ambiguous_bridge,bridge rejected (no_statsbomb_candidate); never entered the exact international population
,132798,UEFA Euro 2020,2019-03-25,exact_bridge_population,ambiguous_bridge,bridge rejected (no_statsbomb_candidate); never entered the exact international population
,132795,UEFA Euro 2020,2019-03-25,exact_bridge_population,ambiguous_bridge,bridge rejected (no_statsbomb_candidate); never entered the exact international population
