official_sb_match_id,competition,season,competition_label,match_date,official_norm_home,official_norm_away,official_fulltime_result,local_bridge_id,local_sb_match_id,local_regulation_result,orientation,classification
3920384,African Cup of Nations,2023,African Cup of Nations 2023,2024-01-13,cote divoire,guinea bissau,home,,,,,missing_local_match
3920385,African Cup of Nations,2023,African Cup of Nations 2023,2024-01-14,egypt,mozambique,draw,,,,,missing_local_match
3920386,African Cup of Nations,2023,African Cup of Nations 2023,2024-01-14,nigeria,equatorial guinea,draw,,,,,missing_local_match
3920387,African Cup of Nations,2023,African Cup of Nations 2023,2024-01-14,ghana,cape verde,away,,,,,missing_local_match
3920388,African Cup of Nations,2023,African Cup of Nations 2023,2024-01-15,senegal,gambia,home,,,,,missing_local_match
3920389,African Cup of Nations,2023,African Cup of Nations 2023,2024-01-15,cameroon,guinea,draw,,,,,missing_local_match
3920390,African Cup of Nations,2023,African Cup of Nations 2023,2024-01-15,algeria,angola,draw,,,,,missing_local_match
3920391,African Cup of Nations,2023,African Cup of Nations 2023,2024-01-16,mali,south africa,home,,,,,missing_local_match
3920392,African Cup of Nations,2023,African Cup of Nations 2023,2024-01-16,burkina faso,mauritania,home,,,,,missing_local_match
3920393,African Cup of Nations,2023,African Cup of Nations 2023,2024-01-16,tunisia,namibia,away,,,,,missing_local_match
3920394,African Cup of Nations,2023,African Cup of Nations 2023,2024-01-17,morocco,tanzania,home,,,,,missing_local_match
3920395,African Cup of Nations,2023,African Cup of Nations 2023,2024-01-17,congo dr,zambia,draw,,,,,missing_local_match
3920396,African Cup of Nations,2023,African Cup of Nations 2023,2024-01-18,egypt,ghana,draw,,,,,missing_local_match
3920397,African Cup of Nations,2023,African Cup of Nations 2023,2024-01-18,equatorial guinea,guinea bissau,home,,,,,missing_local_match
3920398,African Cup of Nations,2023,African Cup of Nations 2023,2024-01-18,cote divoire,nigeria,away,,,,,missing_local_match
3920399,African Cup of Nations,2023,African Cup of Nations 2023,2024-01-19,cape verde,mozambique,home,,,,,missing_local_match
3920400,African Cup of Nations,2023,African Cup of Nations 2023,2024-01-19,senegal,cameroon,home,,,,,missing_local_match
3920401,African Cup of Nations,2023,African Cup of Nations 2023,2024-01-19,guinea,gambia,home,,,,,missing_local_match
3920402,African Cup of Nations,2023,African Cup of Nations 2023,2024-01-20,algeria,burkina faso,draw,,,,,missing_local_match
3920403,African Cup of Nations,2023,African Cup of Nations 2023,2024-01-20,mauritania,angola,away,,,,,missing_local_match
3920404,African Cup of Nations,2023,African Cup of Nations 2023,2024-01-20,tunisia,mali,draw,,,,,missing_local_match
3920405,African Cup of Nations,2023,African Cup of Nations 2023,2024-01-21,morocco,congo dr,draw,,,,,missing_local_match
3920406,African Cup of Nations,2023,African Cup of Nations 2023,2024-01-21,zambia,tanzania,draw,,,,,missing_local_match
3920407,African Cup of Nations,2023,African Cup of Nations 2023,2024-01-21,south africa,namibia,home,,,,,missing_local_match
3920408,African Cup of Nations,2023,African Cup of Nations 2023,2024-01-22,equatorial guinea,cote divoire,home,,,,,missing_local_match
3920409,African Cup of Nations,2023,African Cup of Nations 2023,2024-01-22,guinea bissau,nigeria,away,,,,,missing_local_match
3920410,African Cup of Nations,2023,African Cup of Nations 2023,2024-01-22,mozambique,ghana,draw,,,,,missing_local_match
3920411,African Cup of Nations,2023,African Cup of Nations 2023,2024-01-22,cape verde,egypt,draw,,,,,missing_local_match
3920412,African Cup of Nations,2023,African Cup of Nations 2023,2024-01-23,guinea,senegal,away,,,,,missing_local_match
3920413,African Cup of Nations,2023,African Cup of Nations 2023,2024-01-23,gambia,cameroon,away,,,,,missing_local_match
3920414,African Cup of Nations,2023,African Cup of Nations 2023,2024-01-23,angola,burkina faso,home,,,,,missing_local_match
3920415,African Cup of Nations,2023,African Cup of Nations 2023,2024-01-23,mauritania,algeria,home,,,,,missing_local_match
3920416,African Cup of Nations,2023,African Cup of Nations 2023,2024-01-24,south africa,tunisia,draw,,,,,missing_local_match
3920417,African Cup of Nations,2023,African Cup of Nations 2023,2024-01-24,namibia,mali,draw,,,,,missing_local_match
3920418,African Cup of Nations,2023,African Cup of Nations 2023,2024-01-24,tanzania,congo dr,draw,,,,,missing_local_match
3920419,African Cup of Nations,2023,African Cup of Nations 2023,2024-01-24,zambia,morocco,away,,,,,missing_local_match
3922237,African Cup of Nations,2023,African Cup of Nations 2023,2024-01-27,angola,namibia,home,,,,,missing_local_match
3922238,African Cup of Nations,2023,African Cup of Nations 2023,2024-01-27,nigeria,cameroon,home,,,,,missing_local_match
3922239,African Cup of Nations,2023,African Cup of Nations 2023,2024-01-28,equatorial guinea,guinea,away,,,,,missing_local_match
3922240,African Cup of Nations,2023,African Cup of Nations 2023,2024-01-28,egypt,congo dr,draw,,,,,missing_local_match
3922241,African Cup of Nations,2023,African Cup of Nations 2023,2024-01-29,cape verde,mauritania,home,,,,,missing_local_match
3922242,African Cup of Nations,2023,African Cup of Nations 2023,2024-01-29,senegal,cote divoire,draw,,,,,missing_local_match
3922243,African Cup of Nations,2023,African Cup of Nations 2023,2024-01-30,morocco,south africa,away,,,,,missing_local_match
3922244,African Cup of Nations,2023,African Cup of Nations 2023,2024-01-30,mali,burkina faso,home,,,,,missing_local_match
3922321,African Cup of Nations,2023,African Cup of Nations 2023,2024-02-02,nigeria,angola,home,,,,,missing_local_match
3922356,African Cup of Nations,2023,African Cup of Nations 2023,2024-02-02,congo dr,guinea,home,,,,,missing_local_match
3922658,African Cup of Nations,2023,African Cup of Nations 2023,2024-02-03,cape verde,south africa,draw,,,,,missing_local_match
3922659,African Cup of Nations,2023,African Cup of Nations 2023,2024-02-03,mali,cote divoire,away,,,,,missing_local_match
3922837,African Cup of Nations,2023,African Cup of Nations 2023,2024-02-07,nigeria,south africa,draw,,,,,missing_local_match
3922838,African Cup of Nations,2023,African Cup of Nations 2023,2024-02-07,cote divoire,congo dr,home,,,,,missing_local_match
3923880,African Cup of Nations,2023,African Cup of Nations 2023,2024-02-10,south africa,congo dr,draw,,,,,missing_local_match
3923881,African Cup of Nations,2023,African Cup of Nations 2023,2024-02-11,nigeria,cote divoire,away,,,,,missing_local_match
3939969,Copa America,2024,Copa America 2024,2024-06-21,argentina,canada,home,1ebe7b16da5e5531,3939969,home,same,exact
3939970,Copa America,2024,Copa America 2024,2024-06-22,peru,chile,draw,f1977ba28c990cde,3939970,draw,same,exact
3939971,Copa America,2024,Copa America 2024,2024-06-23,mexico,jamaica,home,10936c18cfb16b02,3939971,home,same,exact
3939972,Copa America,2024,Copa America 2024,2024-06-22,ecuador,venezuela,away,80446bc617c7b018,3939972,away,same,exact
3939973,Copa America,2024,Copa America 2024,2024-06-24,uruguay,panama,home,ca8d6668edf96f72,3939973,home,same,exact
3939974,Copa America,2024,Copa America 2024,2024-06-23,united states,bolivia,home,36850aa54b9ce0d3,3939974,home,same,exact
3939975,Copa America,2024,Copa America 2024,2024-06-24,colombia,paraguay,home,36b551a4e8c6aa99,3939975,home,same,exact
3939976,Copa America,2024,Copa America 2024,2024-06-25,brazil,costa rica,draw,427333c98c5c9347,3939976,draw,same,exact
3939977,Copa America,2024,Copa America 2024,2024-06-26,chile,argentina,away,4dcf1c7ae59a84d3,3939977,away,same,exact
3939978,Copa America,2024,Copa America 2024,2024-06-25,peru,canada,away,,,,,team_name_mismatch
3939979,Copa America,2024,Copa America 2024,2024-06-27,venezuela,mexico,home,5b2434fd8dc86d6f,3939979,home,same,exact
3939980,Copa America,2024,Copa America 2024,2024-06-26,ecuador,jamaica,home,,,,,team_name_mismatch
3939981,Copa America,2024,Copa America 2024,2024-06-27,panama,united states,home,,,,,team_name_mismatch
3939982,Copa America,2024,Copa America 2024,2024-06-28,uruguay,bolivia,home,df8a7eaa69b23a42,3939982,home,same,exact
3939983,Copa America,2024,Copa America 2024,2024-06-29,paraguay,brazil,away,afc42981d8a96b36,3939983,away,same,exact
3939984,Copa America,2024,Copa America 2024,2024-06-28,colombia,costa rica,home,,,,,team_name_mismatch
3939985,Copa America,2024,Copa America 2024,2024-06-30,canada,chile,draw,ac1085e2a79d06d4,3939985,draw,same,exact
3939986,Copa America,2024,Copa America 2024,2024-06-30,argentina,peru,home,54de3e7d0882d085,3939986,home,same,exact
3939987,Copa America,2024,Copa America 2024,2024-07-01,jamaica,venezuela,away,d6692947c2f3625b,3939987,away,same,exact
3939988,Copa America,2024,Copa America 2024,2024-07-01,mexico,ecuador,draw,3fc376fbaf125737,3939988,draw,same,exact
3939989,Copa America,2024,Copa America 2024,2024-07-02,bolivia,panama,away,fe68285d6f64a140,3939989,away,same,exact
3939990,Copa America,2024,Copa America 2024,2024-07-02,united states,uruguay,away,9a33a8f0c533cfae,3939990,away,same,exact
3939991,Copa America,2024,Copa America 2024,2024-07-03,brazil,colombia,draw,8e2dfdabd76452d2,3939991,draw,same,exact
3939992,Copa America,2024,Copa America 2024,2024-07-03,costa rica,paraguay,home,a7b9945d76e65bf7,3939992,home,same,exact
3942228,Copa America,2024,Copa America 2024,2024-07-05,argentina,ecuador,draw,ad96917c0fc04ca3,3942228,draw,same,exact
3942229,Copa America,2024,Copa America 2024,2024-07-06,venezuela,canada,draw,3c90b05847d1900a,3942229,draw,same,exact
3942415,Copa America,2024,Copa America 2024,2024-07-07,uruguay,brazil,draw,d642fca9d1dbd9db,3942415,draw,same,exact
3942416,Copa America,2024,Copa America 2024,2024-07-06,colombia,panama,home,96bdddf68572d5ab,3942416,home,same,exact
3942785,Copa America,2024,Copa America 2024,2024-07-10,argentina,canada,home,1afca37c0f2ba701,3942785,home,same,exact
3942852,Copa America,2024,Copa America 2024,2024-07-11,uruguay,colombia,away,d7249cc880aec558,3942852,away,same,exact
3943076,Copa America,2024,Copa America 2024,2024-07-14,canada,uruguay,draw,6e79d8c8214586e3,3943076,draw,same,exact
3943077,Copa America,2024,Copa America 2024,2024-07-15,argentina,colombia,home,fee5e18d7236022e,3943077,draw,same,score_mismatch
3888704,FIFA World Cup,1958,FIFA World Cup 1958,1958-06-24,brazil,france,home,,,,,missing_local_match
3888705,FIFA World Cup,1958,FIFA World Cup 1958,1958-06-29,brazil,sweden,home,,,,,missing_local_match
3888854,FIFA World Cup,1962,FIFA World Cup 1962,1962-05-30,brazil,mexico,home,,,,,missing_local_match
3888699,FIFA World Cup,1970,FIFA World Cup 1970,1970-06-03,brazil,czechoslovakia,home,,,,,missing_local_match
3888700,FIFA World Cup,1970,FIFA World Cup 1970,1970-06-07,brazil,england,home,,,,,missing_local_match
3888701,FIFA World Cup,1970,FIFA World Cup 1970,1970-06-17,brazil,uruguay,home,,,,,missing_local_match
3888702,FIFA World Cup,1970,FIFA World Cup 1970,1970-06-21,brazil,italy,home,,,,,missing_local_match
3889217,FIFA World Cup,1970,FIFA World Cup 1970,1970-06-09,brazil,romania,home,,,,,missing_local_match
3889218,FIFA World Cup,1970,FIFA World Cup 1970,1970-06-14,brazil,peru,home,,,,,missing_local_match
3750180,FIFA World Cup,1974,FIFA World Cup 1974,1974-06-22,german dr,germany,home,,,,,missing_local_match
3888716,FIFA World Cup,1974,FIFA World Cup 1974,1974-06-19,netherlands,sweden,draw,,,,,missing_local_match
3888717,FIFA World Cup,1974,FIFA World Cup 1974,1974-06-26,netherlands,argentina,home,,,,,missing_local_match
3888718,FIFA World Cup,1974,FIFA World Cup 1974,1974-06-30,german dr,netherlands,away,,,,,missing_local_match
3888719,FIFA World Cup,1974,FIFA World Cup 1974,1974-07-03,netherlands,brazil,home,,,,,missing_local_match
3888720,FIFA World Cup,1974,FIFA World Cup 1974,1974-07-07,netherlands,germany,away,,,,,missing_local_match
3750191,FIFA World Cup,1986,FIFA World Cup 1986,1986-06-22,argentina,england,home,,,,,missing_local_match
3889148,FIFA World Cup,1986,FIFA World Cup 1986,1986-06-25,argentina,belgium,home,,,,,missing_local_match
3889149,FIFA World Cup,1986,FIFA World Cup 1986,1986-06-29,argentina,germany,home,,,,,missing_local_match
3793185,FIFA World Cup,1990,FIFA World Cup 1990,1990-06-24,brazil,argentina,away,,,,,missing_local_match
7525,FIFA World Cup,2018,FIFA World Cup 2018,2018-06-14,russia,saudi arabia,home,425bbddb81ab0ac2,7525,home,same,exact
7529,FIFA World Cup,2018,FIFA World Cup 2018,2018-06-16,croatia,nigeria,home,fdf321435822c18c,7529,home,same,exact
7530,FIFA World Cup,2018,FIFA World Cup 2018,2018-06-16,france,australia,home,f2e922ec67e64d0e,7530,home,same,exact
7531,FIFA World Cup,2018,FIFA World Cup 2018,2018-06-16,argentina,iceland,draw,7634c38e509a7aa4,7531,draw,same,exact
7532,FIFA World Cup,2018,FIFA World Cup 2018,2018-06-16,peru,denmark,away,b51a6bdbbf6454a2,7532,away,same,exact
7533,FIFA World Cup,2018,FIFA World Cup 2018,2018-06-17,brazil,switzerland,draw,a34feb385ff3abe9,7533,draw,same,exact
7534,FIFA World Cup,2018,FIFA World Cup 2018,2018-06-17,germany,mexico,away,add53dc4ba98ae88,7534,away,same,exact
7535,FIFA World Cup,2018,FIFA World Cup 2018,2018-06-17,costa rica,serbia,away,39a73bed08f0bd77,7535,away,same,exact
7536,FIFA World Cup,2018,FIFA World Cup 2018,2018-06-18,belgium,panama,home,f617a74e2105acc4,7536,home,same,exact
7537,FIFA World Cup,2018,FIFA World Cup 2018,2018-06-18,tunisia,england,away,db35331e117461e5,7537,away,same,exact
7538,FIFA World Cup,2018,FIFA World Cup 2018,2018-06-18,sweden,south korea,home,b2d4706294562d1d,7538,home,same,exact
7539,FIFA World Cup,2018,FIFA World Cup 2018,2018-06-19,poland,senegal,away,83021863c2dd398e,7539,away,same,exact
7540,FIFA World Cup,2018,FIFA World Cup 2018,2018-06-19,russia,egypt,home,6e07b9c74f56f29b,7540,home,same,exact
7541,FIFA World Cup,2018,FIFA World Cup 2018,2018-06-19,colombia,japan,away,c5c9e3e18f7059c4,7541,away,same,exact
7542,FIFA World Cup,2018,FIFA World Cup 2018,2018-06-20,portugal,morocco,home,420895e961137fae,7542,home,same,exact
7543,FIFA World Cup,2018,FIFA World Cup 2018,2018-06-20,iran,spain,away,8977cdf712634365,7543,away,same,exact
7544,FIFA World Cup,2018,FIFA World Cup 2018,2018-06-20,uruguay,saudi arabia,home,412797e5b4bdb3c4,7544,home,same,exact
7545,FIFA World Cup,2018,FIFA World Cup 2018,2018-06-21,argentina,croatia,away,1a98b6655189d73e,7545,away,same,exact
7546,FIFA World Cup,2018,FIFA World Cup 2018,2018-06-21,france,peru,home,441351b0b4514309,7546,home,same,exact
7547,FIFA World Cup,2018,FIFA World Cup 2018,2018-06-21,denmark,australia,draw,aa09afc193098b88,7547,draw,same,exact
7548,FIFA World Cup,2018,FIFA World Cup 2018,2018-06-22,brazil,costa rica,home,3d0a422c8a1f2290,7548,home,same,exact
7549,FIFA World Cup,2018,FIFA World Cup 2018,2018-06-22,nigeria,iceland,home,975202267ca7c32a,7549,home,same,exact
7550,FIFA World Cup,2018,FIFA World Cup 2018,2018-06-22,serbia,switzerland,away,0f2290227074ca48,7550,away,same,exact
7551,FIFA World Cup,2018,FIFA World Cup 2018,2018-06-23,germany,sweden,home,4b1928632b27457b,7551,home,same,exact
7552,FIFA World Cup,2018,FIFA World Cup 2018,2018-06-23,belgium,tunisia,home,e387278cd2444a71,7552,home,same,exact
7553,FIFA World Cup,2018,FIFA World Cup 2018,2018-06-23,south korea,mexico,away,a35916e7737bcfb0,7553,away,same,exact
7554,FIFA World Cup,2018,FIFA World Cup 2018,2018-06-24,england,panama,home,6dc2dd9a2dfc0817,7554,home,same,exact
7555,FIFA World Cup,2018,FIFA World Cup 2018,2018-06-24,poland,colombia,away,ccf27d0f02109418,7555,away,same,exact
7556,FIFA World Cup,2018,FIFA World Cup 2018,2018-06-24,japan,senegal,draw,67be4ec49ed58f04,7556,draw,same,exact
7557,FIFA World Cup,2018,FIFA World Cup 2018,2018-06-25,iran,portugal,draw,43a67733ee5afdc6,7557,draw,same,exact
7558,FIFA World Cup,2018,FIFA World Cup 2018,2018-06-25,uruguay,russia,home,ad6ba991b03c214a,7558,home,same,exact
7559,FIFA World Cup,2018,FIFA World Cup 2018,2018-06-25,saudi arabia,egypt,home,c50a844f4ec1baba,7559,home,same,exact
7560,FIFA World Cup,2018,FIFA World Cup 2018,2018-06-25,spain,morocco,draw,6e2696e0d71b3951,7560,draw,same,exact
7561,FIFA World Cup,2018,FIFA World Cup 2018,2018-06-26,iceland,croatia,away,71eaaa5cfe6d560f,7561,away,same,exact
7562,FIFA World Cup,2018,FIFA World Cup 2018,2018-06-26,australia,peru,away,3dd4268c82d98634,7562,away,same,exact
7563,FIFA World Cup,2018,FIFA World Cup 2018,2018-06-26,denmark,france,draw,cbad7b2d42a4efad,7563,draw,same,exact
7564,FIFA World Cup,2018,FIFA World Cup 2018,2018-06-26,nigeria,argentina,away,2f0d7b27f11d7b31,7564,away,same,exact
7565,FIFA World Cup,2018,FIFA World Cup 2018,2018-06-27,serbia,brazil,away,2280285b491f0550,7565,away,same,exact
7566,FIFA World Cup,2018,FIFA World Cup 2018,2018-06-27,mexico,sweden,away,cd1d40a7249a6be6,7566,away,same,exact
7567,FIFA World Cup,2018,FIFA World Cup 2018,2018-06-27,south korea,germany,home,5b60388ec70078a5,7567,home,same,exact
7568,FIFA World Cup,2018,FIFA World Cup 2018,2018-06-27,switzerland,costa rica,draw,8e5fc30ead1a08c7,7568,draw,same,exact
7569,FIFA World Cup,2018,FIFA World Cup 2018,2018-06-28,panama,tunisia,away,532976e6868bd263,7569,away,same,exact
7570,FIFA World Cup,2018,FIFA World Cup 2018,2018-06-28,england,belgium,away,fddf2d295da8c1f0,7570,away,same,exact
7571,FIFA World Cup,2018,FIFA World Cup 2018,2018-06-28,senegal,colombia,away,1bb2b14f977be084,7571,away,same,exact
7572,FIFA World Cup,2018,FIFA World Cup 2018,2018-06-28,japan,poland,away,ec646708dacef441,7572,away,same,exact
7576,FIFA World Cup,2018,FIFA World Cup 2018,2018-06-15,portugal,spain,draw,a17a50b50f5f2954,7576,draw,same,exact
7577,FIFA World Cup,2018,FIFA World Cup 2018,2018-06-15,morocco,iran,away,e4ef7f1c119c402f,7577,away,same,exact
7578,FIFA World Cup,2018,FIFA World Cup 2018,2018-06-15,egypt,uruguay,away,a429a0ba326ef338,7578,away,same,exact
7579,FIFA World Cup,2018,FIFA World Cup 2018,2018-06-30,uruguay,portugal,home,f4230aa4f9bad997,7579,home,same,exact
7580,FIFA World Cup,2018,FIFA World Cup 2018,2018-06-30,france,argentina,home,9d7460a786442b70,7580,home,same,exact
7581,FIFA World Cup,2018,FIFA World Cup 2018,2018-07-01,croatia,denmark,draw,23ce415808d5a705,7581,draw,same,exact
7582,FIFA World Cup,2018,FIFA World Cup 2018,2018-07-01,spain,russia,draw,f4df68973baf40c1,7582,draw,same,exact
7583,FIFA World Cup,2018,FIFA World Cup 2018,2018-07-02,brazil,mexico,home,8a49ccc81c7e5fa6,7583,home,same,exact
7584,FIFA World Cup,2018,FIFA World Cup 2018,2018-07-02,belgium,japan,home,24250ad701243c6d,7584,home,same,exact
7585,FIFA World Cup,2018,FIFA World Cup 2018,2018-07-03,colombia,england,draw,9ef3cd75f9404fc9,7585,draw,same,exact
7586,FIFA World Cup,2018,FIFA World Cup 2018,2018-07-03,sweden,switzerland,home,0a6b85c9e1a47b97,7586,home,same,exact
8649,FIFA World Cup,2018,FIFA World Cup 2018,2018-07-06,uruguay,france,away,97ff7c9cf169612a,8649,away,same,exact
8650,FIFA World Cup,2018,FIFA World Cup 2018,2018-07-06,brazil,belgium,away,51ad491d67cab6c6,8650,away,same,exact
8651,FIFA World Cup,2018,FIFA World Cup 2018,2018-07-07,sweden,england,away,a9a64a22b2ffc08f,8651,away,same,exact
8652,FIFA World Cup,2018,FIFA World Cup 2018,2018-07-07,russia,croatia,draw,f20ad45ae3ae286c,8652,draw,same,exact
8655,FIFA World Cup,2018,FIFA World Cup 2018,2018-07-10,france,belgium,home,215789860f293ec9,8655,home,same,exact
8656,FIFA World Cup,2018,FIFA World Cup 2018,2018-07-11,croatia,england,home,03ed1fb199f84efc,8656,draw,same,score_mismatch
8657,FIFA World Cup,2018,FIFA World Cup 2018,2018-07-14,belgium,england,home,17857e5a29cd6c34,8657,home,same,exact
8658,FIFA World Cup,2018,FIFA World Cup 2018,2018-07-15,france,croatia,home,3f31d38173e6bc43,8658,home,same,exact
3857254,FIFA World Cup,2022,FIFA World Cup 2022,2022-11-22,denmark,tunisia,draw,1ff62c6fe0126418,3857254,draw,same,exact
3857255,FIFA World Cup,2022,FIFA World Cup 2022,2022-12-01,japan,spain,home,76205345820ac452,3857255,home,same,exact
3857256,FIFA World Cup,2022,FIFA World Cup 2022,2022-12-02,serbia,switzerland,away,c5d9d0e9055c5252,3857256,away,same,exact
3857257,FIFA World Cup,2022,FIFA World Cup 2022,2022-11-30,australia,denmark,home,adc27765418da745,3857257,home,same,exact
3857258,FIFA World Cup,2022,FIFA World Cup 2022,2022-11-24,brazil,serbia,home,f04bbbbecb34c9aa,3857258,home,same,exact
3857259,FIFA World Cup,2022,FIFA World Cup 2022,2022-11-28,cameroon,serbia,draw,928a699c49a903bb,3857259,draw,same,exact
3857260,FIFA World Cup,2022,FIFA World Cup 2022,2022-11-30,saudi arabia,mexico,away,f9ee72e09972afed,3857260,away,same,exact
3857261,FIFA World Cup,2022,FIFA World Cup 2022,2022-11-29,wales,england,away,bcf259d61d29600e,3857261,away,same,exact
3857262,FIFA World Cup,2022,FIFA World Cup 2022,2022-12-02,south korea,portugal,home,6dd110f13bffdca8,3857262,home,same,exact
3857263,FIFA World Cup,2022,FIFA World Cup 2022,2022-11-27,spain,germany,draw,845bbf9b43596ff5,3857263,draw,same,exact
3857264,FIFA World Cup,2022,FIFA World Cup 2022,2022-11-30,poland,argentina,away,3e0f1e40949cb532,3857264,away,same,exact
3857265,FIFA World Cup,2022,FIFA World Cup 2022,2022-11-22,mexico,poland,draw,b451525e9a5c557f,3857265,draw,same,exact
3857266,FIFA World Cup,2022,FIFA World Cup 2022,2022-11-26,france,denmark,home,c84e0d8dd22a6f2a,3857266,home,same,exact
3857267,FIFA World Cup,2022,FIFA World Cup 2022,2022-11-29,ecuador,senegal,away,ec4212818042a895,3857267,away,same,exact
3857268,FIFA World Cup,2022,FIFA World Cup 2022,2022-11-23,belgium,canada,home,b476398ec95c6bac,3857268,home,same,exact
3857269,FIFA World Cup,2022,FIFA World Cup 2022,2022-11-28,brazil,switzerland,home,38f2e70967b6b224,3857269,home,same,exact
3857270,FIFA World Cup,2022,FIFA World Cup 2022,2022-11-28,portugal,uruguay,home,3642acd96c58e22e,3857270,home,same,exact
3857271,FIFA World Cup,2022,FIFA World Cup 2022,2022-11-21,england,iran,home,cbd2fbd2b0095660,3857271,home,same,exact
3857272,FIFA World Cup,2022,FIFA World Cup 2022,2022-11-25,england,united states,draw,143ab97c0a953a8f,3857272,draw,same,exact
3857273,FIFA World Cup,2022,FIFA World Cup 2022,2022-11-25,wales,iran,away,83a40ae62a6094e8,3857273,away,same,exact
3857274,FIFA World Cup,2022,FIFA World Cup 2022,2022-11-25,netherlands,ecuador,draw,4e0564f52b59cdcf,3857274,draw,same,exact
3857275,FIFA World Cup,2022,FIFA World Cup 2022,2022-11-30,tunisia,france,home,f908885ce28923d9,3857275,home,same,exact
3857276,FIFA World Cup,2022,FIFA World Cup 2022,2022-12-01,canada,morocco,away,2acfb4344f2ac1b4,3857276,away,same,exact
3857277,FIFA World Cup,2022,FIFA World Cup 2022,2022-11-23,morocco,croatia,draw,e5df4d83e8919315,3857277,draw,same,exact
3857278,FIFA World Cup,2022,FIFA World Cup 2022,2022-11-29,iran,united states,away,3aed18b7e70f038c,3857278,away,same,exact
3857279,FIFA World Cup,2022,FIFA World Cup 2022,2022-11-22,france,australia,home,3e109074d37f49a2,3857279,home,same,exact
3857280,FIFA World Cup,2022,FIFA World Cup 2022,2022-12-02,cameroon,brazil,home,7901496dfdd23c75,3857280,home,same,exact
3857281,FIFA World Cup,2022,FIFA World Cup 2022,2022-11-27,croatia,canada,home,eb3ce474b07a3282,3857281,home,same,exact
3857282,FIFA World Cup,2022,FIFA World Cup 2022,2022-11-21,united states,wales,draw,e58f78b0f479249f,3857282,draw,same,exact
3857283,FIFA World Cup,2022,FIFA World Cup 2022,2022-11-27,belgium,morocco,away,e55d9393b3f48252,3857283,away,same,exact
3857284,FIFA World Cup,2022,FIFA World Cup 2022,2022-11-23,germany,japan,away,a2d31b1a0b71a4ca,3857284,away,same,exact
3857285,FIFA World Cup,2022,FIFA World Cup 2022,2022-11-21,senegal,netherlands,away,cbd089198aa68af3,3857285,away,same,exact
3857286,FIFA World Cup,2022,FIFA World Cup 2022,2022-11-20,qatar,ecuador,away,de8988933e0474bd,3857286,away,same,exact
3857287,FIFA World Cup,2022,FIFA World Cup 2022,2022-11-24,uruguay,south korea,draw,f8fa710497924140,3857287,draw,same,exact
3857288,FIFA World Cup,2022,FIFA World Cup 2022,2022-11-26,tunisia,australia,away,0d4cf8371837520a,3857288,away,same,exact
3857289,FIFA World Cup,2022,FIFA World Cup 2022,2022-11-26,argentina,mexico,home,6c346725cac56200,3857289,home,same,exact
3857290,FIFA World Cup,2022,FIFA World Cup 2022,2022-11-24,switzerland,cameroon,home,9e62e55b88dc258d,3857290,home,same,exact
3857291,FIFA World Cup,2022,FIFA World Cup 2022,2022-11-23,spain,costa rica,home,bbc6b2cbe59ff3ea,3857291,home,same,exact
3857292,FIFA World Cup,2022,FIFA World Cup 2022,2022-12-01,costa rica,germany,away,7daaee98475ec516,3857292,away,same,exact
3857293,FIFA World Cup,2022,FIFA World Cup 2022,2022-12-02,ghana,uruguay,away,2755607c4622d115,3857293,away,same,exact
3857294,FIFA World Cup,2022,FIFA World Cup 2022,2022-11-29,netherlands,qatar,home,f351e87c5d11d323,3857294,home,same,exact
3857295,FIFA World Cup,2022,FIFA World Cup 2022,2022-11-27,japan,costa rica,away,619f68a54810c4f6,3857295,away,same,exact
3857296,FIFA World Cup,2022,FIFA World Cup 2022,2022-12-01,croatia,belgium,draw,1e8def55b3f1a21e,3857296,draw,same,exact
3857297,FIFA World Cup,2022,FIFA World Cup 2022,2022-11-26,poland,saudi arabia,home,9a5351fee156e820,3857297,home,same,exact
3857298,FIFA World Cup,2022,FIFA World Cup 2022,2022-11-24,portugal,ghana,home,44075a9da90df0fa,3857298,home,same,exact
3857299,FIFA World Cup,2022,FIFA World Cup 2022,2022-11-28,south korea,ghana,away,76fa3a7afcaeba4c,3857299,away,same,exact
3857300,FIFA World Cup,2022,FIFA World Cup 2022,2022-11-22,argentina,saudi arabia,away,27eb904ea4d0e17c,3857300,away,same,exact
3857301,FIFA World Cup,2022,FIFA World Cup 2022,2022-11-25,qatar,senegal,away,9d60e92a0461cd43,3857301,away,same,exact
3869117,FIFA World Cup,2022,FIFA World Cup 2022,2022-12-03,netherlands,united states,home,1ff1dc3521f64266,3869117,home,same,exact
3869118,FIFA World Cup,2022,FIFA World Cup 2022,2022-12-04,england,senegal,home,1f4cf880bf3deff1,3869118,home,same,exact
3869151,FIFA World Cup,2022,FIFA World Cup 2022,2022-12-03,argentina,australia,home,b7c98632d2a8eff1,3869151,home,same,exact
3869152,FIFA World Cup,2022,FIFA World Cup 2022,2022-12-04,france,poland,home,71e36dcf988e8c78,3869152,home,same,exact
3869219,FIFA World Cup,2022,FIFA World Cup 2022,2022-12-05,japan,croatia,draw,9a47ce1dfd478655,3869219,draw,same,exact
3869220,FIFA World Cup,2022,FIFA World Cup 2022,2022-12-06,morocco,spain,draw,09e73783a3424896,3869220,draw,same,exact
3869253,FIFA World Cup,2022,FIFA World Cup 2022,2022-12-05,brazil,south korea,home,2704db125d63c82b,3869253,home,same,exact
3869254,FIFA World Cup,2022,FIFA World Cup 2022,2022-12-06,portugal,switzerland,home,c6557c7ac49a9505,3869254,home,same,exact
3869321,FIFA World Cup,2022,FIFA World Cup 2022,2022-12-09,netherlands,argentina,draw,8f3a95924b1c901e,3869321,draw,same,exact
3869354,FIFA World Cup,2022,FIFA World Cup 2022,2022-12-10,england,france,away,f152fa355729153e,3869354,away,same,exact
3869420,FIFA World Cup,2022,FIFA World Cup 2022,2022-12-09,croatia,brazil,draw,65ae6e636ad3df75,3869420,draw,same,exact
3869486,FIFA World Cup,2022,FIFA World Cup 2022,2022-12-10,morocco,portugal,home,7d8b5113f78d2a82,3869486,home,same,exact
3869519,FIFA World Cup,2022,FIFA World Cup 2022,2022-12-13,argentina,croatia,home,0174b58c7498fc89,3869519,home,same,exact
3869552,FIFA World Cup,2022,FIFA World Cup 2022,2022-12-14,france,morocco,home,edf6fd456155659a,3869552,home,same,exact
3869684,FIFA World Cup,2022,FIFA World Cup 2022,2022-12-17,croatia,morocco,home,e95886d7fbb294c3,3869684,home,same,exact
3869685,FIFA World Cup,2022,FIFA World Cup 2022,2022-12-18,argentina,france,draw,791f1fcbd9b92a78,3869685,draw,same,exact
3788741,UEFA Euro,2020,UEFA Euro 2020,2021-06-11,turkey,italy,away,713283908dc54cb9,3788741,away,same,exact
3788742,UEFA Euro,2020,UEFA Euro 2020,2021-06-12,denmark,finland,away,a020f406bb398cd2,3788742,away,same,exact
3788743,UEFA Euro,2020,UEFA Euro 2020,2021-06-12,belgium,russia,home,f0aad4d64180fc25,3788743,home,same,exact
3788744,UEFA Euro,2020,UEFA Euro 2020,2021-06-12,wales,switzerland,draw,505eb3b4c74cea39,3788744,draw,same,exact
3788745,UEFA Euro,2020,UEFA Euro 2020,2021-06-13,england,croatia,home,78fc76f069cfc8fc,3788745,home,same,exact
3788746,UEFA Euro,2020,UEFA Euro 2020,2021-06-13,netherlands,ukraine,home,b427b77b3bfacca5,3788746,home,same,exact
3788747,UEFA Euro,2020,UEFA Euro 2020,2021-06-13,austria,macedonia,home,19c3d7f47f2e0a6c,3788747,home,same,exact
3788748,UEFA Euro,2020,UEFA Euro 2020,2021-06-14,scotland,czech republic,away,32c37d211f9054b9,3788748,away,same,exact
3788749,UEFA Euro,2020,UEFA Euro 2020,2021-06-14,poland,slovakia,away,d666c699578bb19e,3788749,away,same,exact
3788750,UEFA Euro,2020,UEFA Euro 2020,2021-06-14,spain,sweden,draw,a8c0589ec43e31a0,3788750,draw,same,exact
3788751,UEFA Euro,2020,UEFA Euro 2020,2021-06-15,france,germany,home,61f7bbdfba875d80,3788751,home,same,exact
3788752,UEFA Euro,2020,UEFA Euro 2020,2021-06-15,hungary,portugal,away,29a98ad7047635aa,3788752,away,same,exact
3788753,UEFA Euro,2020,UEFA Euro 2020,2021-06-16,finland,russia,away,675e684e7109a08b,3788753,away,same,exact
3788754,UEFA Euro,2020,UEFA Euro 2020,2021-06-16,italy,switzerland,home,8b9ab1401c13abe7,3788754,home,same,exact
3788755,UEFA Euro,2020,UEFA Euro 2020,2021-06-16,turkey,wales,away,9a487d384135721f,3788755,away,same,exact
3788756,UEFA Euro,2020,UEFA Euro 2020,2021-06-17,netherlands,austria,home,a8e8ca9fde822f09,3788756,home,same,exact
3788757,UEFA Euro,2020,UEFA Euro 2020,2021-06-17,denmark,belgium,away,1ab6a85d8bd3d52f,3788757,away,same,exact
3788758,UEFA Euro,2020,UEFA Euro 2020,2021-06-17,ukraine,macedonia,home,2dd372e227590dc3,3788758,home,same,exact
3788759,UEFA Euro,2020,UEFA Euro 2020,2021-06-18,england,scotland,draw,7ad788d39ca3e3d6,3788759,draw,same,exact
3788760,UEFA Euro,2020,UEFA Euro 2020,2021-06-18,croatia,czech republic,draw,5d9fca44e1587076,3788760,draw,same,exact
3788761,UEFA Euro,2020,UEFA Euro 2020,2021-06-18,sweden,slovakia,home,bcd9d53c8a9f9c2e,3788761,home,same,exact
3788762,UEFA Euro,2020,UEFA Euro 2020,2021-06-19,spain,poland,draw,4068135b80819aa9,3788762,draw,same,exact
3788763,UEFA Euro,2020,UEFA Euro 2020,2021-06-19,hungary,france,draw,aae058f058d78442,3788763,draw,same,exact
3788764,UEFA Euro,2020,UEFA Euro 2020,2021-06-19,portugal,germany,away,32c22a692882cd2e,3788764,away,same,exact
3788765,UEFA Euro,2020,UEFA Euro 2020,2021-06-20,switzerland,turkey,home,a8edbb863e184027,3788765,home,same,exact
3788766,UEFA Euro,2020,UEFA Euro 2020,2021-06-20,italy,wales,home,76cc4b21c1b746c1,3788766,home,same,exact
3788767,UEFA Euro,2020,UEFA Euro 2020,2021-06-21,ukraine,austria,away,70f985c4d53263ea,3788767,away,same,exact
3788768,UEFA Euro,2020,UEFA Euro 2020,2021-06-21,finland,belgium,away,95f4f003e9ce66e1,3788768,away,same,exact
3788769,UEFA Euro,2020,UEFA Euro 2020,2021-06-21,russia,denmark,away,aab7e4b216c336e8,3788769,away,same,exact
3788770,UEFA Euro,2020,UEFA Euro 2020,2021-06-21,macedonia,netherlands,away,5d0ad83093084df7,3788770,away,same,exact
3788771,UEFA Euro,2020,UEFA Euro 2020,2021-06-22,croatia,scotland,home,0f19f991bfa7bc27,3788771,home,same,exact
3788772,UEFA Euro,2020,UEFA Euro 2020,2021-06-22,czech republic,england,away,e876b316dd9ca391,3788772,away,same,exact
3788773,UEFA Euro,2020,UEFA Euro 2020,2021-06-23,portugal,france,draw,a6c0c14b2875d2dc,3788773,draw,same,exact
3788774,UEFA Euro,2020,UEFA Euro 2020,2021-06-23,germany,hungary,draw,8c37b1c8b24bff7f,3788774,draw,same,exact
3788775,UEFA Euro,2020,UEFA Euro 2020,2021-06-23,slovakia,spain,away,33a9ce74d34679b1,3788775,away,same,exact
3788776,UEFA Euro,2020,UEFA Euro 2020,2021-06-23,sweden,poland,home,f519dcec2e6ee177,3788776,home,same,exact
3794685,UEFA Euro,2020,UEFA Euro 2020,2021-06-26,italy,austria,home,60817d316338ff11,3794685,draw,same,score_mismatch
3794686,UEFA Euro,2020,UEFA Euro 2020,2021-06-28,croatia,spain,away,39ab5b3554e9c0f1,3794686,draw,same,score_mismatch
3794687,UEFA Euro,2020,UEFA Euro 2020,2021-06-27,belgium,portugal,home,d7b6580a5161794e,3794687,home,same,exact
3794688,UEFA Euro,2020,UEFA Euro 2020,2021-06-29,england,germany,home,c6532bde2243b959,3794688,home,same,exact
3794689,UEFA Euro,2020,UEFA Euro 2020,2021-06-26,wales,denmark,away,52bde64edd0c751f,3794689,away,same,exact
3794690,UEFA Euro,2020,UEFA Euro 2020,2021-06-27,netherlands,czech republic,away,fa98961ca33587bd,3794690,away,same,exact
3794691,UEFA Euro,2020,UEFA Euro 2020,2021-06-28,france,switzerland,draw,f452030be32bff06,3794691,draw,same,exact
3794692,UEFA Euro,2020,UEFA Euro 2020,2021-06-29,sweden,ukraine,away,091cae13554ef48f,3794692,draw,same,score_mismatch
3795107,UEFA Euro,2020,UEFA Euro 2020,2021-07-02,belgium,italy,away,507f2c9ce4289c7a,3795107,away,same,exact
3795108,UEFA Euro,2020,UEFA Euro 2020,2021-07-02,switzerland,spain,draw,a3127ec3e05a570c,3795108,draw,same,exact
3795109,UEFA Euro,2020,UEFA Euro 2020,2021-07-03,czech republic,denmark,away,7959adcbfba13231,3795109,away,same,exact
3795187,UEFA Euro,2020,UEFA Euro 2020,2021-07-03,ukraine,england,away,e1f7315628101d97,3795187,away,same,exact
3795220,UEFA Euro,2020,UEFA Euro 2020,2021-07-06,italy,spain,draw,3085eceb88cfe8f6,3795220,draw,same,exact
3795221,UEFA Euro,2020,UEFA Euro 2020,2021-07-07,england,denmark,home,4414abe13948a00f,3795221,draw,same,score_mismatch
3795506,UEFA Euro,2020,UEFA Euro 2020,2021-07-11,italy,england,draw,444446337442b94d,3795506,draw,same,exact
3930158,UEFA Euro,2024,UEFA Euro 2024,2024-06-14,germany,scotland,home,901470bcd2563b2e,3930158,home,same,exact
3930159,UEFA Euro,2024,UEFA Euro 2024,2024-06-15,hungary,switzerland,away,463b3347c07fbe29,3930159,away,same,exact
3930160,UEFA Euro,2024,UEFA Euro 2024,2024-06-15,spain,croatia,home,e2262bef106494c2,3930160,home,same,exact
3930161,UEFA Euro,2024,UEFA Euro 2024,2024-06-15,italy,albania,home,ce1a99f0ea63882d,3930161,home,same,exact
3930162,UEFA Euro,2024,UEFA Euro 2024,2024-06-16,slovenia,denmark,draw,d4a8bf32e1941313,3930162,draw,same,exact
3930163,UEFA Euro,2024,UEFA Euro 2024,2024-06-16,serbia,england,away,552f5432fd9473f7,3930163,away,same,exact
3930164,UEFA Euro,2024,UEFA Euro 2024,2024-06-17,belgium,slovakia,away,ecce8eda1ce69aec,3930164,away,same,exact
3930165,UEFA Euro,2024,UEFA Euro 2024,2024-06-17,austria,france,away,0c0c9b2e3fa14e8e,3930165,away,same,exact
3930166,UEFA Euro,2024,UEFA Euro 2024,2024-06-18,portugal,czech republic,home,55f0768c01518c9e,3930166,home,same,exact
3930167,UEFA Euro,2024,UEFA Euro 2024,2024-06-19,croatia,albania,draw,91d242e43b94a51b,3930167,draw,same,exact
3930168,UEFA Euro,2024,UEFA Euro 2024,2024-06-19,germany,hungary,home,933ad0861319329a,3930168,home,same,exact
3930169,UEFA Euro,2024,UEFA Euro 2024,2024-06-19,scotland,switzerland,draw,05be85369a0fd426,3930169,draw,same,exact
3930170,UEFA Euro,2024,UEFA Euro 2024,2024-06-20,slovenia,serbia,draw,7cd23e47ce94ede9,3930170,draw,same,exact
3930171,UEFA Euro,2024,UEFA Euro 2024,2024-06-20,denmark,england,draw,7fa0c378b70468da,3930171,draw,same,exact
3930172,UEFA Euro,2024,UEFA Euro 2024,2024-06-20,spain,italy,home,d022a76d1d941a6d,3930172,home,same,exact
3930173,UEFA Euro,2024,UEFA Euro 2024,2024-06-21,netherlands,france,draw,c5e7b1a6415eafcb,3930173,draw,same,exact
3930174,UEFA Euro,2024,UEFA Euro 2024,2024-06-22,turkey,portugal,away,21521cc4602267c6,3930174,away,same,exact
3930175,UEFA Euro,2024,UEFA Euro 2024,2024-06-22,belgium,romania,home,e9f01f262d3852ff,3930175,home,same,exact
3930176,UEFA Euro,2024,UEFA Euro 2024,2024-06-23,switzerland,germany,draw,d5402ef8201e2882,3930176,draw,same,exact
3930177,UEFA Euro,2024,UEFA Euro 2024,2024-06-23,scotland,hungary,away,bf32aee612717858,3930177,away,same,exact
3930178,UEFA Euro,2024,UEFA Euro 2024,2024-06-24,croatia,italy,draw,93958cb48d32258a,3930178,draw,same,exact
3930179,UEFA Euro,2024,UEFA Euro 2024,2024-06-24,albania,spain,away,1eb022811b52b719,3930179,away,same,exact
3930180,UEFA Euro,2024,UEFA Euro 2024,2024-06-25,netherlands,austria,away,0b7a7d59ed708a05,3930180,away,same,exact
3930181,UEFA Euro,2024,UEFA Euro 2024,2024-06-25,england,slovenia,draw,49b432d62327a813,3930181,draw,same,exact
3930182,UEFA Euro,2024,UEFA Euro 2024,2024-06-25,denmark,serbia,draw,3662a6c847f39b99,3930182,draw,same,exact
3930183,UEFA Euro,2024,UEFA Euro 2024,2024-06-26,slovakia,romania,draw,c9f12ac69e936693,3930183,draw,same,exact
3930184,UEFA Euro,2024,UEFA Euro 2024,2024-06-26,czech republic,turkey,away,ee100a19ad574934,3930184,away,same,exact
3938637,UEFA Euro,2024,UEFA Euro 2024,2024-06-16,poland,netherlands,away,553d4743abc853ef,3938637,away,same,exact
3938638,UEFA Euro,2024,UEFA Euro 2024,2024-06-17,romania,ukraine,home,3e24f1d141195032,3938638,home,same,exact
3938639,UEFA Euro,2024,UEFA Euro 2024,2024-06-18,turkey,georgia,home,4f4128828d4243c9,3938639,home,same,exact
3938640,UEFA Euro,2024,UEFA Euro 2024,2024-06-21,slovakia,ukraine,away,e959fc425e0807f5,3938640,away,same,exact
3938641,UEFA Euro,2024,UEFA Euro 2024,2024-06-21,poland,austria,away,f8c09cb5d0ea353d,3938641,away,same,exact
3938642,UEFA Euro,2024,UEFA Euro 2024,2024-06-22,georgia,czech republic,draw,c3ebf9bf43e16591,3938642,draw,same,exact
3938643,UEFA Euro,2024,UEFA Euro 2024,2024-06-25,france,poland,draw,79e24f7f956f698e,3938643,draw,same,exact
3938644,UEFA Euro,2024,UEFA Euro 2024,2024-06-26,georgia,portugal,home,d53171dd4f0dc302,3938644,home,same,exact
3938645,UEFA Euro,2024,UEFA Euro 2024,2024-06-26,ukraine,belgium,draw,a063d666311122e1,3938645,draw,same,exact
3940878,UEFA Euro,2024,UEFA Euro 2024,2024-06-29,switzerland,italy,home,c9c9cbc3d831c631,3940878,home,same,exact
3940983,UEFA Euro,2024,UEFA Euro 2024,2024-06-29,germany,denmark,home,687c691c2b8369f2,3940983,home,same,exact
3941017,UEFA Euro,2024,UEFA Euro 2024,2024-06-30,england,slovakia,home,b8eb5c3dcb2671fb,3941017,draw,same,score_mismatch
3941018,UEFA Euro,2024,UEFA Euro 2024,2024-06-30,spain,georgia,home,8773d0c64a2423f6,3941018,home,same,exact
3941019,UEFA Euro,2024,UEFA Euro 2024,2024-07-01,france,belgium,home,e461f167bfc64cd0,3941019,home,same,exact
3941020,UEFA Euro,2024,UEFA Euro 2024,2024-07-01,portugal,slovenia,draw,ac2bf4123937150d,3941020,draw,same,exact
3941021,UEFA Euro,2024,UEFA Euro 2024,2024-07-02,romania,netherlands,away,594c5681ad2be2cf,3941021,away,same,exact
3941022,UEFA Euro,2024,UEFA Euro 2024,2024-07-02,austria,turkey,away,fe591fc1e2718624,3941022,away,same,exact
3942226,UEFA Euro,2024,UEFA Euro 2024,2024-07-05,spain,germany,home,c1038f55c8611d63,3942226,draw,same,score_mismatch
3942227,UEFA Euro,2024,UEFA Euro 2024,2024-07-06,england,switzerland,draw,9bd0a75a792cf0cd,3942227,draw,same,exact
3942349,UEFA Euro,2024,UEFA Euro 2024,2024-07-05,portugal,france,draw,36385acc74330aa7,3942349,draw,same,exact
3942382,UEFA Euro,2024,UEFA Euro 2024,2024-07-06,netherlands,turkey,home,b0b7f393b9c7481e,3942382,home,same,exact
3942752,UEFA Euro,2024,UEFA Euro 2024,2024-07-09,spain,france,home,5bfd72b5714436b8,3942752,home,same,exact
3942819,UEFA Euro,2024,UEFA Euro 2024,2024-07-10,netherlands,england,away,b2988601384b49c0,3942819,away,same,exact
3943043,UEFA Euro,2024,UEFA Euro 2024,2024-07-14,spain,england,home,c8d894f5a38c804e,3943043,home,same,exact
