match_id,home,away,kickoff_utc,stage,round,status,state,reason,elo_delta_home,anchor_p_home,anchor_p_draw,anchor_p_away,scheduled_windows,source_dependencies,frozen_model_version,ledger_path,scoring_status
1489369,Mexico,South Africa,2026-06-11T19:00:00+00:00,group,Group Stage - 1,FT,skipped,completed_not_clean_prospective,,,,,T-90;T-15;m0;m15;m30;HT;m60;m75;m85,pre_match:elo_history(deterministic);in_play:api_football_events,m2_frozen@v2,data/processed/prospective/ledger.jsonl,pending
1538999,South Korea,Czechia,2026-06-12T02:00:00+00:00,group,Group Stage - 1,FT,skipped,completed_not_clean_prospective,,,,,T-90;T-15;m0;m15;m30;HT;m60;m75;m85,pre_match:elo_history(deterministic);in_play:api_football_events,m2_frozen@v2,data/processed/prospective/ledger.jsonl,pending
1539000,Canada,Bosnia & Herzegovina,2026-06-12T19:00:00+00:00,group,Group Stage - 1,FT,skipped,completed_not_clean_prospective,,,,,T-90;T-15;m0;m15;m30;HT;m60;m75;m85,pre_match:elo_history(deterministic);in_play:api_football_events,m2_frozen@v2,data/processed/prospective/ledger.jsonl,pending
1489370,USA,Paraguay,2026-06-13T01:00:00+00:00,group,Group Stage - 1,FT,skipped,completed_not_clean_prospective,,,,,T-90;T-15;m0;m15;m30;HT;m60;m75;m85,pre_match:elo_history(deterministic);in_play:api_football_events,m2_frozen@v2,data/processed/prospective/ledger.jsonl,pending
1489373,Qatar,Switzerland,2026-06-13T19:00:00+00:00,group,Group Stage - 1,FT,skipped,completed_not_clean_prospective,,,,,T-90;T-15;m0;m15;m30;HT;m60;m75;m85,pre_match:elo_history(deterministic);in_play:api_football_events,m2_frozen@v2,data/processed/prospective/ledger.jsonl,pending
1489371,Brazil,Morocco,2026-06-13T22:00:00+00:00,group,Group Stage - 1,FT,skipped,completed_not_clean_prospective,,,,,T-90;T-15;m0;m15;m30;HT;m60;m75;m85,pre_match:elo_history(deterministic);in_play:api_football_events,m2_frozen@v2,data/processed/prospective/ledger.jsonl,pending
1489372,Haiti,Scotland,2026-06-14T01:00:00+00:00,group,Group Stage - 1,FT,skipped,completed_not_clean_prospective,,,,,T-90;T-15;m0;m15;m30;HT;m60;m75;m85,pre_match:elo_history(deterministic);in_play:api_football_events,m2_frozen@v2,data/processed/prospective/ledger.jsonl,pending
1539001,Australia,Türkiye,2026-06-14T04:00:00+00:00,group,Group Stage - 1,FT,skipped,completed_not_clean_prospective,,,,,T-90;T-15;m0;m15;m30;HT;m60;m75;m85,pre_match:elo_history(deterministic);in_play:api_football_events,m2_frozen@v2,data/processed/prospective/ledger.jsonl,pending
1489374,Germany,Curaçao,2026-06-14T17:00:00+00:00,group,Group Stage - 1,FT,skipped,completed_not_clean_prospective,,,,,T-90;T-15;m0;m15;m30;HT;m60;m75;m85,pre_match:elo_history(deterministic);in_play:api_football_events,m2_frozen@v2,data/processed/prospective/ledger.jsonl,pending
1489376,Netherlands,Japan,2026-06-14T20:00:00+00:00,group,Group Stage - 1,FT,skipped,completed_not_clean_prospective,,,,,T-90;T-15;m0;m15;m30;HT;m60;m75;m85,pre_match:elo_history(deterministic);in_play:api_football_events,m2_frozen@v2,data/processed/prospective/ledger.jsonl,pending
1489375,Ivory Coast,Ecuador,2026-06-14T23:00:00+00:00,group,Group Stage - 1,FT,skipped,completed_not_clean_prospective,,,,,T-90;T-15;m0;m15;m30;HT;m60;m75;m85,pre_match:elo_history(deterministic);in_play:api_football_events,m2_frozen@v2,data/processed/prospective/ledger.jsonl,pending
1539002,Sweden,Tunisia,2026-06-15T02:00:00+00:00,group,Group Stage - 1,FT,skipped,completed_not_clean_prospective,,,,,T-90;T-15;m0;m15;m30;HT;m60;m75;m85,pre_match:elo_history(deterministic);in_play:api_football_events,m2_frozen@v2,data/processed/prospective/ledger.jsonl,pending
1489380,Spain,Cape Verde Islands,2026-06-15T16:00:00+00:00,group,Group Stage - 1,FT,skipped,completed_not_clean_prospective,,,,,T-90;T-15;m0;m15;m30;HT;m60;m75;m85,pre_match:elo_history(deterministic);in_play:api_football_events,m2_frozen@v2,data/processed/prospective/ledger.jsonl,pending
1489377,Belgium,Egypt,2026-06-15T19:00:00+00:00,group,Group Stage - 1,FT,skipped,completed_not_clean_prospective,,,,,T-90;T-15;m0;m15;m30;HT;m60;m75;m85,pre_match:elo_history(deterministic);in_play:api_football_events,m2_frozen@v2,data/processed/prospective/ledger.jsonl,pending
1489379,Saudi Arabia,Uruguay,2026-06-15T22:00:00+00:00,group,Group Stage - 1,FT,skipped,completed_not_clean_prospective,,,,,T-90;T-15;m0;m15;m30;HT;m60;m75;m85,pre_match:elo_history(deterministic);in_play:api_football_events,m2_frozen@v2,data/processed/prospective/ledger.jsonl,pending
1489378,Iran,New Zealand,2026-06-16T01:00:00+00:00,group,Group Stage - 1,FT,skipped,completed_not_clean_prospective,,,,,T-90;T-15;m0;m15;m30;HT;m60;m75;m85,pre_match:elo_history(deterministic);in_play:api_football_events,m2_frozen@v2,data/processed/prospective/ledger.jsonl,pending
1489383,France,Senegal,2026-06-16T19:00:00+00:00,group,Group Stage - 1,FT,skipped,completed_not_clean_prospective,,,,,T-90;T-15;m0;m15;m30;HT;m60;m75;m85,pre_match:elo_history(deterministic);in_play:api_football_events,m2_frozen@v2,data/processed/prospective/ledger.jsonl,pending
1539016,Iraq,Norway,2026-06-16T22:00:00+00:00,group,Group Stage - 1,FT,skipped,completed_not_clean_prospective,,,,,T-90;T-15;m0;m15;m30;HT;m60;m75;m85,pre_match:elo_history(deterministic);in_play:api_football_events,m2_frozen@v2,data/processed/prospective/ledger.jsonl,pending
1489381,Argentina,Algeria,2026-06-17T01:00:00+00:00,group,Group Stage - 1,FT,skipped,completed_not_clean_prospective,,,,,T-90;T-15;m0;m15;m30;HT;m60;m75;m85,pre_match:elo_history(deterministic);in_play:api_football_events,m2_frozen@v2,data/processed/prospective/ledger.jsonl,pending
1489382,Austria,Jordan,2026-06-17T04:00:00+00:00,group,Group Stage - 1,FT,skipped,completed_not_clean_prospective,,,,,T-90;T-15;m0;m15;m30;HT;m60;m75;m85,pre_match:elo_history(deterministic);in_play:api_football_events,m2_frozen@v2,data/processed/prospective/ledger.jsonl,pending
1539003,Portugal,Congo DR,2026-06-17T17:00:00+00:00,group,Group Stage - 1,FT,skipped,completed_not_clean_prospective,,,,,T-90;T-15;m0;m15;m30;HT;m60;m75;m85,pre_match:elo_history(deterministic);in_play:api_football_events,m2_frozen@v2,data/processed/prospective/ledger.jsonl,pending
1489384,England,Croatia,2026-06-17T20:00:00+00:00,group,Group Stage - 1,FT,skipped,completed_not_clean_prospective,,,,,T-90;T-15;m0;m15;m30;HT;m60;m75;m85,pre_match:elo_history(deterministic);in_play:api_football_events,m2_frozen@v2,data/processed/prospective/ledger.jsonl,pending
1489385,Ghana,Panama,2026-06-17T23:00:00+00:00,group,Group Stage - 1,FT,skipped,completed_not_clean_prospective,,,,,T-90;T-15;m0;m15;m30;HT;m60;m75;m85,pre_match:elo_history(deterministic);in_play:api_football_events,m2_frozen@v2,data/processed/prospective/ledger.jsonl,pending
1489386,Uzbekistan,Colombia,2026-06-18T02:00:00+00:00,group,Group Stage - 1,FT,skipped,completed_not_clean_prospective,,,,,T-90;T-15;m0;m15;m30;HT;m60;m75;m85,pre_match:elo_history(deterministic);in_play:api_football_events,m2_frozen@v2,data/processed/prospective/ledger.jsonl,pending
1539004,Czechia,South Africa,2026-06-18T16:00:00+00:00,group,Group Stage - 2,FT,skipped,completed_not_clean_prospective,,,,,T-90;T-15;m0;m15;m30;HT;m60;m75;m85,pre_match:elo_history(deterministic);in_play:api_football_events,m2_frozen@v2,data/processed/prospective/ledger.jsonl,pending
1539005,Switzerland,Bosnia & Herzegovina,2026-06-18T19:00:00+00:00,group,Group Stage - 2,FT,skipped,completed_not_clean_prospective,,,,,T-90;T-15;m0;m15;m30;HT;m60;m75;m85,pre_match:elo_history(deterministic);in_play:api_football_events,m2_frozen@v2,data/processed/prospective/ledger.jsonl,pending
1489387,Canada,Qatar,2026-06-18T22:00:00+00:00,group,Group Stage - 2,FT,skipped,completed_not_clean_prospective,,,,,T-90;T-15;m0;m15;m30;HT;m60;m75;m85,pre_match:elo_history(deterministic);in_play:api_football_events,m2_frozen@v2,data/processed/prospective/ledger.jsonl,pending
1489388,Mexico,South Korea,2026-06-19T01:00:00+00:00,group,Group Stage - 2,FT,skipped,completed_not_clean_prospective,,,,,T-90;T-15;m0;m15;m30;HT;m60;m75;m85,pre_match:elo_history(deterministic);in_play:api_football_events,m2_frozen@v2,data/processed/prospective/ledger.jsonl,pending
1489391,USA,Australia,2026-06-19T19:00:00+00:00,group,Group Stage - 2,FT,skipped,completed_not_clean_prospective,,,,,T-90;T-15;m0;m15;m30;HT;m60;m75;m85,pre_match:elo_history(deterministic);in_play:api_football_events,m2_frozen@v2,data/processed/prospective/ledger.jsonl,pending
1489390,Scotland,Morocco,2026-06-19T22:00:00+00:00,group,Group Stage - 2,FT,skipped,completed_not_clean_prospective,,,,,T-90;T-15;m0;m15;m30;HT;m60;m75;m85,pre_match:elo_history(deterministic);in_play:api_football_events,m2_frozen@v2,data/processed/prospective/ledger.jsonl,pending
1489389,Brazil,Haiti,2026-06-20T00:30:00+00:00,group,Group Stage - 2,FT,skipped,completed_not_clean_prospective,,,,,T-90;T-15;m0;m15;m30;HT;m60;m75;m85,pre_match:elo_history(deterministic);in_play:api_football_events,m2_frozen@v2,data/processed/prospective/ledger.jsonl,pending
1539006,Türkiye,Paraguay,2026-06-20T03:00:00+00:00,group,Group Stage - 2,FT,skipped,completed_not_clean_prospective,,,,,T-90;T-15;m0;m15;m30;HT;m60;m75;m85,pre_match:elo_history(deterministic);in_play:api_football_events,m2_frozen@v2,data/processed/prospective/ledger.jsonl,pending
1539007,Netherlands,Sweden,2026-06-20T17:00:00+00:00,group,Group Stage - 2,FT,skipped,completed_not_clean_prospective,,,,,T-90;T-15;m0;m15;m30;HT;m60;m75;m85,pre_match:elo_history(deterministic);in_play:api_football_events,m2_frozen@v2,data/processed/prospective/ledger.jsonl,pending
1489393,Germany,Ivory Coast,2026-06-20T20:00:00+00:00,group,Group Stage - 2,FT,skipped,completed_not_clean_prospective,,,,,T-90;T-15;m0;m15;m30;HT;m60;m75;m85,pre_match:elo_history(deterministic);in_play:api_football_events,m2_frozen@v2,data/processed/prospective/ledger.jsonl,pending
1489392,Ecuador,Curaçao,2026-06-21T00:00:00+00:00,group,Group Stage - 2,FT,skipped,completed_not_clean_prospective,,,,,T-90;T-15;m0;m15;m30;HT;m60;m75;m85,pre_match:elo_history(deterministic);in_play:api_football_events,m2_frozen@v2,data/processed/prospective/ledger.jsonl,pending
1489394,Tunisia,Japan,2026-06-21T04:00:00+00:00,group,Group Stage - 2,FT,skipped,completed_not_clean_prospective,,,,,T-90;T-15;m0;m15;m30;HT;m60;m75;m85,pre_match:elo_history(deterministic);in_play:api_football_events,m2_frozen@v2,data/processed/prospective/ledger.jsonl,pending
1489397,Spain,Saudi Arabia,2026-06-21T16:00:00+00:00,group,Group Stage - 2,FT,skipped,completed_not_clean_prospective,,,,,T-90;T-15;m0;m15;m30;HT;m60;m75;m85,pre_match:elo_history(deterministic);in_play:api_football_events,m2_frozen@v2,data/processed/prospective/ledger.jsonl,pending
1489395,Belgium,Iran,2026-06-21T19:00:00+00:00,group,Group Stage - 2,FT,skipped,completed_not_clean_prospective,,,,,T-90;T-15;m0;m15;m30;HT;m60;m75;m85,pre_match:elo_history(deterministic);in_play:api_football_events,m2_frozen@v2,data/processed/prospective/ledger.jsonl,pending
1489398,Uruguay,Cape Verde Islands,2026-06-21T22:00:00+00:00,group,Group Stage - 2,FT,skipped,completed_not_clean_prospective,,,,,T-90;T-15;m0;m15;m30;HT;m60;m75;m85,pre_match:elo_history(deterministic);in_play:api_football_events,m2_frozen@v2,data/processed/prospective/ledger.jsonl,pending
1489396,New Zealand,Egypt,2026-06-22T01:00:00+00:00,group,Group Stage - 2,FT,skipped,completed_not_clean_prospective,,,,,T-90;T-15;m0;m15;m30;HT;m60;m75;m85,pre_match:elo_history(deterministic);in_play:api_football_events,m2_frozen@v2,data/processed/prospective/ledger.jsonl,pending
1489399,Argentina,Austria,2026-06-22T17:00:00+00:00,group,Group Stage - 2,FT,skipped,completed_not_clean_prospective,,,,,T-90;T-15;m0;m15;m30;HT;m60;m75;m85,pre_match:elo_history(deterministic);in_play:api_football_events,m2_frozen@v2,data/processed/prospective/ledger.jsonl,pending
1539017,France,Iraq,2026-06-22T21:00:00+00:00,group,Group Stage - 2,FT,skipped,completed_not_clean_prospective,,,,,T-90;T-15;m0;m15;m30;HT;m60;m75;m85,pre_match:elo_history(deterministic);in_play:api_football_events,m2_frozen@v2,data/processed/prospective/ledger.jsonl,pending
1489401,Norway,Senegal,2026-06-23T00:00:00+00:00,group,Group Stage - 2,FT,skipped,completed_not_clean_prospective,,,,,T-90;T-15;m0;m15;m30;HT;m60;m75;m85,pre_match:elo_history(deterministic);in_play:api_football_events,m2_frozen@v2,data/processed/prospective/ledger.jsonl,pending
1489400,Jordan,Algeria,2026-06-23T03:00:00+00:00,group,Group Stage - 2,1H,skipped,in_progress_or_other_status:1H,,,,,T-90;T-15;m0;m15;m30;HT;m60;m75;m85,pre_match:elo_history(deterministic);in_play:api_football_events,m2_frozen@v2,data/processed/prospective/ledger.jsonl,pending
1489404,Portugal,Uzbekistan,2026-06-23T17:00:00+00:00,group,Group Stage - 2,NS,eligible,,260.59644861978995,0.7060356691247571,0.17753287654904693,0.11643145432619594,T-90;T-15;m0;m15;m30;HT;m60;m75;m85,pre_match:elo_history(deterministic);in_play:api_football_events,m2_frozen@v2,data/processed/prospective/ledger.jsonl,pending
1489402,England,Ghana,2026-06-23T20:00:00+00:00,group,Group Stage - 2,NS,eligible,,450.7734226195721,0.8873859114202689,0.08042347119618325,0.03219061738354795,T-90;T-15;m0;m15;m30;HT;m60;m75;m85,pre_match:elo_history(deterministic);in_play:api_football_events,m2_frozen@v2,data/processed/prospective/ledger.jsonl,pending
1489403,Panama,Croatia,2026-06-23T23:00:00+00:00,group,Group Stage - 2,NS,eligible,,-176.5364023105842,0.18091822039580818,0.2178460669856746,0.6012357126185172,T-90;T-15;m0;m15;m30;HT;m60;m75;m85,pre_match:elo_history(deterministic);in_play:api_football_events,m2_frozen@v2,data/processed/prospective/ledger.jsonl,pending
1539008,Colombia,Congo DR,2026-06-24T02:00:00+00:00,group,Group Stage - 2,NS,eligible,,310.9099361697961,0.7628655768910262,0.15077888945705847,0.08635553365191535,T-90;T-15;m0;m15;m30;HT;m60;m75;m85,pre_match:elo_history(deterministic);in_play:api_football_events,m2_frozen@v2,data/processed/prospective/ledger.jsonl,pending
1489408,Switzerland,Canada,2026-06-24T19:00:00+00:00,group,Group Stage - 3,NS,eligible,,64.26969834127704,0.4532514480494118,0.2524868430576515,0.29426170889293674,T-90;T-15;m0;m15;m30;HT;m60;m75;m85,pre_match:elo_history(deterministic);in_play:api_football_events,m2_frozen@v2,data/processed/prospective/ledger.jsonl,pending
1539009,Bosnia & Herzegovina,Qatar,2026-06-24T19:00:00+00:00,group,Group Stage - 3,NS,eligible,,148.9178698044973,0.5651052518374199,0.2288658048503098,0.2060289433122703,T-90;T-15;m0;m15;m30;HT;m60;m75;m85,pre_match:elo_history(deterministic);in_play:api_football_events,m2_frozen@v2,data/processed/prospective/ledger.jsonl,pending
1489405,Morocco,Haiti,2026-06-24T22:00:00+00:00,group,Group Stage - 3,NS,eligible,,344.3082715748585,0.7973732359803433,0.13290785325394952,0.06971891076570724,T-90;T-15;m0;m15;m30;HT;m60;m75;m85,pre_match:elo_history(deterministic);in_play:api_football_events,m2_frozen@v2,data/processed/prospective/ledger.jsonl,pending
1489406,Scotland,Brazil,2026-06-24T22:00:00+00:00,group,Group Stage - 3,NS,eligible,,-227.7017935911433,0.1395139599391693,0.19425609059645488,0.6662299494643757,T-90;T-15;m0;m15;m30;HT;m60;m75;m85,pre_match:elo_history(deterministic);in_play:api_football_events,m2_frozen@v2,data/processed/prospective/ledger.jsonl,pending
1539010,Czechia,Mexico,2026-06-25T01:00:00+00:00,group,Group Stage - 3,NS,eligible,,-156.53342756440043,0.1989149040224405,0.2259676900536299,0.5751174059239296,T-90;T-15;m0;m15;m30;HT;m60;m75;m85,pre_match:elo_history(deterministic);in_play:api_football_events,m2_frozen@v2,data/processed/prospective/ledger.jsonl,pending
1489407,South Africa,South Korea,2026-06-25T01:00:00+00:00,group,Group Stage - 3,NS,eligible,,-242.06972287482563,0.1290930669030495,0.18706508202580904,0.6838418510711415,T-90;T-15;m0;m15;m30;HT;m60;m75;m85,pre_match:elo_history(deterministic);in_play:api_football_events,m2_frozen@v2,data/processed/prospective/ledger.jsonl,pending
1489410,Ecuador,Germany,2026-06-25T20:00:00+00:00,group,Group Stage - 3,NS,eligible,,-20.54692796261611,0.34565128776603427,0.2575987697527661,0.3967499424811997,T-90;T-15;m0;m15;m30;HT;m60;m75;m85,pre_match:elo_history(deterministic);in_play:api_football_events,m2_frozen@v2,data/processed/prospective/ledger.jsonl,pending
1489409,Curaçao,Ivory Coast,2026-06-25T20:00:00+00:00,group,Group Stage - 3,NS,eligible,,-306.9483963811556,0.08850078083290085,0.1529065254611329,0.7585926937059664,T-90;T-15;m0;m15;m30;HT;m60;m75;m85,pre_match:elo_history(deterministic);in_play:api_football_events,m2_frozen@v2,data/processed/prospective/ledger.jsonl,pending
1489412,Tunisia,Netherlands,2026-06-25T23:00:00+00:00,group,Group Stage - 3,NS,eligible,,-276.56195586700255,0.1062134550767401,0.16914079268383167,0.7246457522394283,T-90;T-15;m0;m15;m30;HT;m60;m75;m85,pre_match:elo_history(deterministic);in_play:api_football_events,m2_frozen@v2,data/processed/prospective/ledger.jsonl,pending
1539011,Japan,Sweden,2026-06-25T23:00:00+00:00,group,Group Stage - 3,NS,eligible,,182.41192709000893,0.6088467511228258,0.21532955485642685,0.17582369402074732,T-90;T-15;m0;m15;m30;HT;m60;m75;m85,pre_match:elo_history(deterministic);in_play:api_football_events,m2_frozen@v2,data/processed/prospective/ledger.jsonl,pending
1539012,Türkiye,USA,2026-06-26T02:00:00+00:00,group,Group Stage - 3,NS,eligible,,66.25226309457935,0.45585010417750965,0.25213349777073707,0.2920163980517532,T-90;T-15;m0;m15;m30;HT;m60;m75;m85,pre_match:elo_history(deterministic);in_play:api_football_events,m2_frozen@v2,data/processed/prospective/ledger.jsonl,pending
1489411,Paraguay,Australia,2026-06-26T02:00:00+00:00,group,Group Stage - 3,NS,eligible,,-47.889114177003194,0.3131066133434404,0.25500812171212467,0.43188526494443485,T-90;T-15;m0;m15;m30;HT;m60;m75;m85,pre_match:elo_history(deterministic);in_play:api_football_events,m2_frozen@v2,data/processed/prospective/ledger.jsonl,pending
1539074,Senegal,Iraq,2026-06-26T19:00:00+00:00,group,Group Stage - 3,NS,eligible,,192.06126827144817,0.6212747345010192,0.2110777793192102,0.1676474861797706,T-90;T-15;m0;m15;m30;HT;m60;m75;m85,pre_match:elo_history(deterministic);in_play:api_football_events,m2_frozen@v2,data/processed/prospective/ledger.jsonl,pending
1489416,Norway,France,2026-06-26T19:00:00+00:00,group,Group Stage - 3,NS,eligible,,-129.1241195963794,0.22518245356466104,0.23585361914339198,0.5389639272919471,T-90;T-15;m0;m15;m30;HT;m60;m75;m85,pre_match:elo_history(deterministic);in_play:api_football_events,m2_frozen@v2,data/processed/prospective/ledger.jsonl,pending
1489417,Uruguay,Spain,2026-06-27T00:00:00+00:00,group,Group Stage - 3,NS,eligible,,-248.4782245992492,0.12461488305438215,0.18379751767612149,0.6915875992694964,T-90;T-15;m0;m15;m30;HT;m60;m75;m85,pre_match:elo_history(deterministic);in_play:api_football_events,m2_frozen@v2,data/processed/prospective/ledger.jsonl,pending
1489413,Cape Verde Islands,Saudi Arabia,2026-06-27T00:00:00+00:00,group,Group Stage - 3,NS,eligible,,-26.89262510824983,0.3379842084202262,0.25718042933253243,0.4048353622472414,T-90;T-15;m0;m15;m30;HT;m60;m75;m85,pre_match:elo_history(deterministic);in_play:api_football_events,m2_frozen@v2,data/processed/prospective/ledger.jsonl,pending
1489414,Egypt,Iran,2026-06-27T03:00:00+00:00,group,Group Stage - 3,NS,eligible,,-89.06410314845061,0.266762682566174,0.24733912640024222,0.4858981910335838,T-90;T-15;m0;m15;m30;HT;m60;m75;m85,pre_match:elo_history(deterministic);in_play:api_football_events,m2_frozen@v2,data/processed/prospective/ledger.jsonl,pending
1489415,New Zealand,Belgium,2026-06-27T03:00:00+00:00,group,Group Stage - 3,NS,eligible,,-344.3277457957504,0.06970994816204905,0.1328975139098248,0.797392537928126,T-90;T-15;m0;m15;m30;HT;m60;m75;m85,pre_match:elo_history(deterministic);in_play:api_football_events,m2_frozen@v2,data/processed/prospective/ledger.jsonl,pending
1489420,Croatia,Ghana,2026-06-27T21:00:00+00:00,group,Group Stage - 3,NS,eligible,,357.03662784480343,0.8097775772788868,0.12618391020237446,0.06403851251873884,T-90;T-15;m0;m15;m30;HT;m60;m75;m85,pre_match:elo_history(deterministic);in_play:api_football_events,m2_frozen@v2,data/processed/prospective/ledger.jsonl,pending
1489422,Panama,England,2026-06-27T21:00:00+00:00,group,Group Stage - 3,NS,eligible,,-270.2731970853529,0.11016229961133892,0.17246240133827004,0.717375299050391,T-90;T-15;m0;m15;m30;HT;m60;m75;m85,pre_match:elo_history(deterministic);in_play:api_football_events,m2_frozen@v2,data/processed/prospective/ledger.jsonl,pending
1489419,Colombia,Portugal,2026-06-27T23:30:00+00:00,group,Group Stage - 3,NS,eligible,,-1.725698899282179,0.36876171634189486,0.25818231217500276,0.3730559714831023,T-90;T-15;m0;m15;m30;HT;m60;m75;m85,pre_match:elo_history(deterministic);in_play:api_football_events,m2_frozen@v2,data/processed/prospective/ledger.jsonl,pending
1539013,Congo DR,Uzbekistan,2026-06-27T23:30:00+00:00,group,Group Stage - 3,NS,eligible,,-52.03918644928831,0.30828365634563004,0.2544370747225323,0.4372792689318377,T-90;T-15;m0;m15;m30;HT;m60;m75;m85,pre_match:elo_history(deterministic);in_play:api_football_events,m2_frozen@v2,data/processed/prospective/ledger.jsonl,pending
1489418,Algeria,Austria,2026-06-28T02:00:00+00:00,group,Group Stage - 3,NS,eligible,,-12.922323013980986,0.3549487843340871,0.2579538668507545,0.38709734881515845,T-90;T-15;m0;m15;m30;HT;m60;m75;m85,pre_match:elo_history(deterministic);in_play:api_football_events,m2_frozen@v2,data/processed/prospective/ledger.jsonl,pending
1489421,Jordan,Argentina,2026-06-28T02:00:00+00:00,group,Group Stage - 3,NS,eligible,,-445.9359853875901,0.03344663635738363,0.08256430017355024,0.8839890634690661,T-90;T-15;m0;m15;m30;HT;m60;m75;m85,pre_match:elo_history(deterministic);in_play:api_football_events,m2_frozen@v2,data/processed/prospective/ledger.jsonl,pending
