feature_family,catalog_link,primary_source,source_timestamp_semantics,classification,point_in_time_replay_possible,required_provider_fields,required_cadence,required_max_latency,evidence_needed_before_live,notes
reference_match_state,feature_catalog:reference_state / cap:match_state,API-Football events (goals/cards/subs) + clock,match-clock minute only (elapsed); NO wall-clock event publication timestamp on StatsBomb-open / API-Football historical,potentially_live_with_verified_provider,yes_offline_matchclock_gated,"live score, elapsed minute, red-card count, sub count per team",<=1 update / 30s during match,<=15s after on-field event,measure API-Football live goal/card publication latency on >=20 live matches; confirm monotonic clock; verify regulation/ET split live,lowest-barrier family; score+time+players already drive the only validated in-play gains
remaining_regulation_time,feature_catalog:remaining_regulation_min,match clock,deterministic from kickoff + elapsed; no external publish lag,potentially_live_with_verified_provider,yes_offline_matchclock_gated,authoritative elapsed minute + period,continuous,<=5s clock skew,verify provider clock matches official; handle stoppage-time semantics live,purely derived; only risk is clock source disagreement live
cumulative_xg_state,feature_catalog:recent_chance(cum_xg_*) / cap:shot_xg,statsbomb_open per-shot xG (post-hoc),post-hoc model output; xG attached AFTER full match processing; no live publish time,blocked_by_missing_provider_contract,yes_offline_but_feature_lags_real_time,"per-shot xG with shot match-minute, delivered intra-match",per shot event,<=30s after shot,a LIVE xG provider contract (StatsBomb/Opta live xG) with measured per-shot delivery latency; StatsBomb-open is post-hoc & non-commercial -> not live-usable,research result: in-play xG did NOT beat score+Elo; low priority to make live
xg_momentum_acceleration,feature_catalog:xg_momentum/xg_acceleration,statsbomb_open per-shot xG windows,derived from post-hoc xG stream; inherits no-publish-time,blocked_by_missing_provider_contract,yes_offline_but_feature_lags_real_time,low-latency per-shot xG to compute trailing windows live,per shot event,<=30s after shot,same live-xG contract as cumulative_xg; plus stability test of windowed derivatives under live revision (xG values can be revised post-match),depends entirely on a live xG feed; revisions are a schema/latency risk
shot_events_counts,feature_catalog:shots_diff/shots_on_target / cap:shot_events,API-Football team-level shots + StatsBomb shot events,post-hoc team stats; API-Football live shot stats lag final reconciliation,blocked_by_latency,yes_offline_matchclock_gated,live team shot / shot-on-target counters,<=1 update / 60s,<=60s,measure API-Football live shot-stat latency & revision rate; team-stat counters are known to be revised during/after matches,counts (not locations) are obtainable; latency+revision are the open question
shot_location_xy,cap:shot_location / cap:shot_freeze_frame,StatsBomb open (xy + freeze frames),post-hoc spatial data; no live publication; API-Football has NO xy,blocked_by_missing_provider_contract,yes_offline_matchclock_gated,"live shot x,y coordinates",per shot event,<=30s after shot,a provider that delivers live shot xy (Opta/StatsBomb live); API-Football verified to LACK shot locations entirely,hard-blocked for live without a new spatial provider; offline replay fine
big_chance_proxy,cap:big_chance_proxy,statsbomb_open xG>=0.3 proxy,post-hoc xG threshold; not a provider 'big chance' flag,blocked_by_missing_provider_contract,yes_offline_matchclock_gated,live xG per shot (to threshold) or provider big-chance flag,per shot event,<=30s after shot,live xG feed OR a provider-native big-chance event with measured latency,proxy is fine offline; live needs the same xG dependency
possession_structure,feature_catalog:possession_territory / cap:possession_structure,StatsBomb event-derived possession; API-Football possession %,post-hoc; live possession % is a smoothed running stat with provider lag,blocked_by_latency,yes_offline_matchclock_gated,live possession share / passes,<=1 update / 60s,<=60s,measure live possession-stat latency & smoothing; confirm definition parity with the offline event-derived metric,definition mismatch (event-derived vs provider-smoothed) is a schema risk
field_tilt_territory,feature_catalog:field_tilt / cap:field_tilt / cap:territory_thirds,StatsBomb event locations,post-hoc spatial aggregation; no live publish time,blocked_by_no_point_in_time_history,yes_offline_matchclock_gated,live event locations (passes/touches by third),per event,<=60s,a live event-location feed; API-Football lacks granular locations -> needs spatial provider,offline replay solid; live needs granular location stream
box_entries,feature_catalog:box_entries / cap:box_entries,StatsBomb event locations,post-hoc location-derived count; no live publish time,blocked_by_no_point_in_time_history,yes_offline_matchclock_gated,live entries-into-box events or locations,per event,<=60s,live location/event feed defining box entries; verify definition parity,location-dependent -> same spatial-provider gap as field tilt
progression_attack_phase,cap:deep_progression / cap:attack_phase / cap:possession_to_shot_chain,StatsBomb event chains,post-hoc possession-chain reconstruction; no live publish time,blocked_by_no_point_in_time_history,yes_offline_matchclock_gated,live ordered event stream sufficient to rebuild possession chains,per event,<=60s,live full event stream + chain reconstruction validated against offline chains live,most data-hungry families; chain logic is offline-validated only
transition_recoveries_turnovers,feature_catalog:transition / cap:recoveries / cap:turnovers / cap:counter_proxy,StatsBomb event-derived recoveries/turnovers,post-hoc; no live publish time,blocked_by_no_point_in_time_history,yes_offline_matchclock_gated,live possession-change events,per event,<=60s,live event stream with possession ownership; confirm recovery/turnover definitions,definition-heavy; offline-only until live event stream verified
pressure_counterpress_proxy,cap:pressure / cap:counterpress_proxy,StatsBomb pressure events (proxy),"post-hoc; pressure is a StatsBomb-specific event type, not in API-Football",blocked_by_missing_provider_contract,yes_offline_matchclock_gated,live pressure events (StatsBomb-style) or accepted proxy,per event,<=60s,a provider that emits pressure-type events live; API-Football does not have them,provider-specific event type -> contract-blocked for live
set_pieces,feature_catalog:set_pieces(corners/att_free_kicks),API-Football + StatsBomb set-piece events,"post-hoc counts; corners/FK are discrete, low-latency in most live feeds",blocked_by_latency,yes_offline_matchclock_gated,live corner / free-kick counters,<=1 update / 60s,<=60s,measure live set-piece event latency; these are usually reliable live signals,relatively live-friendly (discrete events); latency just needs measuring
cards_sendings_off,feature_catalog:quality_availability(yellow/sendoff) / cap:cards,API-Football card events (verified available),discrete events with on-field minute; API-Football delivers live but lag unmeasured,potentially_live_with_verified_provider,yes_offline_matchclock_gated,live yellow/red events with minute + player id,per event,<=15s after on-field event,measure live card publication latency; reconcile 2nd-yellow vs straight-red live,high-value low-volume signal; API-Football coverage already verified historically
substitutions,feature_catalog:quality_availability(subs_used) / events:subs,API-Football substitution events (verified available),discrete events; live publish lag unmeasured,potentially_live_with_verified_provider,yes_offline_matchclock_gated,live substitution events with minute + in/out player ids,per event,<=30s after on-field event,measure live sub publication latency; subs sometimes published late vs broadcast,available historically; subs feed quality is the live unknown
lineups_formation,MEMORY apifootball-pro: lineups+benches+player ids+positions+formation verified,"API-Football lineups (verified, 100% on pilot)",published ~T-60min pre-kickoff; effectively point-in-time for pre-match,potentially_live_with_verified_provider,yes_offline_matchclock_gated,confirmed XI + formation at publication time,once pre-match (+ in-play changes),<=publish at T-60; <=60s for in-play role changes,verify live lineup publish time vs kickoff; player plane was an honest NEGATIVE so low ROI,best-covered family; but research showed no pre-match 1X2 gain over Elo
player_availability_keyplayer,MEMORY player_plane: key-availability feature (neutral vs Elo),API-Football lineups + player history,derived from lineups (pre-match point-in-time),potentially_live_with_verified_provider,yes_offline_matchclock_gated,confirmed XI + a player-importance prior computed from strictly-prior matches,once pre-match,<=publish at T-60,leakage-safe player-importance prior; research showed neutral/negative vs Elo,feasible live but unproven value; deprioritized by prior nulls
weather_venue_travel_rest,schemas (venue/weather/travel-rest) from Part-C scaffolding,venues_2026.csv + external weather (not in local validated set),venue static; weather forecast point-in-time; travel/rest deterministic from schedule,blocked_by_no_point_in_time_history,yes_offline_matchclock_gated,as-of weather forecast + confirmed venue + fixture schedule,hourly (weather),forecast as-of kickoff,a point-in-time weather history/forecast source with as-of timestamps; only venue+schedule are locally validated (weather history is NOT in the local validated artifacts),venue/travel deterministic; weather needs an as-of-timestamped source not yet on disk
market_inplay_odds,source_provenance: the_odds_api (pre-match only on hand),The Odds API (pre-match snapshots locally),pre-match snapshot_time<=kickoff; in-play odds NOT in local validated artifacts,blocked_by_no_point_in_time_history,no_local_inplay_history,in-play odds stream with snapshot timestamps,<=1 update / 10s,<=10s,"an in-play odds feed with per-snapshot timestamps; only pre-match odds exist locally, so in-play market features have NO point-in-time history to backtest",market is research-relevant but there is zero local in-play-odds history to validate
prior_strength_quality_priors,feature_catalog:prior_xg_quality / dynamic priors (kickoff-ordered),StatsBomb/API-Football historical aggregated to strictly-prior matches,as-of kickoff date (strictly earlier matches only); inherently point-in-time,historical_research_ready,yes_offline_matchclock_gated,rolling prior built from completed prior matches only,updated per completed match,"n/a (pre-match, no intra-match latency)",none beyond keeping the strictly-prior ordering; already leakage-safe and replayable,"the most live-ready conceptually (pre-match, as-of), but depends on the upstream event feeds it aggregates"
