sb_match_id,competition,season,competition_id,season_id,competition_label,match_date,home,away,norm_home,norm_away,home_score,away_score,fulltime_result,competition_stage,match_status,source_url
3920384,African Cup of Nations,2023,1267,107,African Cup of Nations 2023,2024-01-13,Côte d'Ivoire,Guinea-Bissau,cote divoire,guinea bissau,2,0,home,Group Stage,available,https://raw.githubusercontent.com/statsbomb/open-data/master/data/matches/1267/107.json
3920385,African Cup of Nations,2023,1267,107,African Cup of Nations 2023,2024-01-14,Egypt,Mozambique,egypt,mozambique,2,2,draw,Group Stage,available,https://raw.githubusercontent.com/statsbomb/open-data/master/data/matches/1267/107.json
3920386,African Cup of Nations,2023,1267,107,African Cup of Nations 2023,2024-01-14,Nigeria,Equatorial Guinea,nigeria,equatorial guinea,1,1,draw,Group Stage,available,https://raw.githubusercontent.com/statsbomb/open-data/master/data/matches/1267/107.json
3920387,African Cup of Nations,2023,1267,107,African Cup of Nations 2023,2024-01-14,Ghana,Cape Verde Islands,ghana,cape verde,1,2,away,Group Stage,available,https://raw.githubusercontent.com/statsbomb/open-data/master/data/matches/1267/107.json
3920388,African Cup of Nations,2023,1267,107,African Cup of Nations 2023,2024-01-15,Senegal,Gambia,senegal,gambia,3,0,home,Group Stage,available,https://raw.githubusercontent.com/statsbomb/open-data/master/data/matches/1267/107.json
3920389,African Cup of Nations,2023,1267,107,African Cup of Nations 2023,2024-01-15,Cameroon,Guinea,cameroon,guinea,1,1,draw,Group Stage,available,https://raw.githubusercontent.com/statsbomb/open-data/master/data/matches/1267/107.json
3920390,African Cup of Nations,2023,1267,107,African Cup of Nations 2023,2024-01-15,Algeria,Angola,algeria,angola,1,1,draw,Group Stage,available,https://raw.githubusercontent.com/statsbomb/open-data/master/data/matches/1267/107.json
3920391,African Cup of Nations,2023,1267,107,African Cup of Nations 2023,2024-01-16,Mali,South Africa,mali,south africa,2,0,home,Group Stage,available,https://raw.githubusercontent.com/statsbomb/open-data/master/data/matches/1267/107.json
3920392,African Cup of Nations,2023,1267,107,African Cup of Nations 2023,2024-01-16,Burkina Faso,Mauritania,burkina faso,mauritania,1,0,home,Group Stage,available,https://raw.githubusercontent.com/statsbomb/open-data/master/data/matches/1267/107.json
3920393,African Cup of Nations,2023,1267,107,African Cup of Nations 2023,2024-01-16,Tunisia,Namibia,tunisia,namibia,0,1,away,Group Stage,available,https://raw.githubusercontent.com/statsbomb/open-data/master/data/matches/1267/107.json
3920394,African Cup of Nations,2023,1267,107,African Cup of Nations 2023,2024-01-17,Morocco,Tanzania,morocco,tanzania,3,0,home,Group Stage,available,https://raw.githubusercontent.com/statsbomb/open-data/master/data/matches/1267/107.json
3920395,African Cup of Nations,2023,1267,107,African Cup of Nations 2023,2024-01-17,Congo DR,Zambia,congo dr,zambia,1,1,draw,Group Stage,available,https://raw.githubusercontent.com/statsbomb/open-data/master/data/matches/1267/107.json
3920396,African Cup of Nations,2023,1267,107,African Cup of Nations 2023,2024-01-18,Egypt,Ghana,egypt,ghana,2,2,draw,Group Stage,available,https://raw.githubusercontent.com/statsbomb/open-data/master/data/matches/1267/107.json
3920397,African Cup of Nations,2023,1267,107,African Cup of Nations 2023,2024-01-18,Equatorial Guinea,Guinea-Bissau,equatorial guinea,guinea bissau,4,2,home,Group Stage,available,https://raw.githubusercontent.com/statsbomb/open-data/master/data/matches/1267/107.json
3920398,African Cup of Nations,2023,1267,107,African Cup of Nations 2023,2024-01-18,Côte d'Ivoire,Nigeria,cote divoire,nigeria,0,1,away,Group Stage,available,https://raw.githubusercontent.com/statsbomb/open-data/master/data/matches/1267/107.json
3920399,African Cup of Nations,2023,1267,107,African Cup of Nations 2023,2024-01-19,Cape Verde Islands,Mozambique,cape verde,mozambique,3,0,home,Group Stage,available,https://raw.githubusercontent.com/statsbomb/open-data/master/data/matches/1267/107.json
3920400,African Cup of Nations,2023,1267,107,African Cup of Nations 2023,2024-01-19,Senegal,Cameroon,senegal,cameroon,3,1,home,Group Stage,available,https://raw.githubusercontent.com/statsbomb/open-data/master/data/matches/1267/107.json
3920401,African Cup of Nations,2023,1267,107,African Cup of Nations 2023,2024-01-19,Guinea,Gambia,guinea,gambia,1,0,home,Group Stage,available,https://raw.githubusercontent.com/statsbomb/open-data/master/data/matches/1267/107.json
3920402,African Cup of Nations,2023,1267,107,African Cup of Nations 2023,2024-01-20,Algeria,Burkina Faso,algeria,burkina faso,2,2,draw,Group Stage,available,https://raw.githubusercontent.com/statsbomb/open-data/master/data/matches/1267/107.json
3920403,African Cup of Nations,2023,1267,107,African Cup of Nations 2023,2024-01-20,Mauritania,Angola,mauritania,angola,2,3,away,Group Stage,available,https://raw.githubusercontent.com/statsbomb/open-data/master/data/matches/1267/107.json
3920404,African Cup of Nations,2023,1267,107,African Cup of Nations 2023,2024-01-20,Tunisia,Mali,tunisia,mali,1,1,draw,Group Stage,available,https://raw.githubusercontent.com/statsbomb/open-data/master/data/matches/1267/107.json
3920405,African Cup of Nations,2023,1267,107,African Cup of Nations 2023,2024-01-21,Morocco,Congo DR,morocco,congo dr,1,1,draw,Group Stage,available,https://raw.githubusercontent.com/statsbomb/open-data/master/data/matches/1267/107.json
3920406,African Cup of Nations,2023,1267,107,African Cup of Nations 2023,2024-01-21,Zambia,Tanzania,zambia,tanzania,1,1,draw,Group Stage,available,https://raw.githubusercontent.com/statsbomb/open-data/master/data/matches/1267/107.json
3920407,African Cup of Nations,2023,1267,107,African Cup of Nations 2023,2024-01-21,South Africa,Namibia,south africa,namibia,4,0,home,Group Stage,available,https://raw.githubusercontent.com/statsbomb/open-data/master/data/matches/1267/107.json
3920408,African Cup of Nations,2023,1267,107,African Cup of Nations 2023,2024-01-22,Equatorial Guinea,Côte d'Ivoire,equatorial guinea,cote divoire,4,0,home,Group Stage,available,https://raw.githubusercontent.com/statsbomb/open-data/master/data/matches/1267/107.json
3920409,African Cup of Nations,2023,1267,107,African Cup of Nations 2023,2024-01-22,Guinea-Bissau,Nigeria,guinea bissau,nigeria,0,1,away,Group Stage,available,https://raw.githubusercontent.com/statsbomb/open-data/master/data/matches/1267/107.json
3920410,African Cup of Nations,2023,1267,107,African Cup of Nations 2023,2024-01-22,Mozambique,Ghana,mozambique,ghana,2,2,draw,Group Stage,available,https://raw.githubusercontent.com/statsbomb/open-data/master/data/matches/1267/107.json
3920411,African Cup of Nations,2023,1267,107,African Cup of Nations 2023,2024-01-22,Cape Verde Islands,Egypt,cape verde,egypt,2,2,draw,Group Stage,available,https://raw.githubusercontent.com/statsbomb/open-data/master/data/matches/1267/107.json
3920412,African Cup of Nations,2023,1267,107,African Cup of Nations 2023,2024-01-23,Guinea,Senegal,guinea,senegal,0,2,away,Group Stage,available,https://raw.githubusercontent.com/statsbomb/open-data/master/data/matches/1267/107.json
3920413,African Cup of Nations,2023,1267,107,African Cup of Nations 2023,2024-01-23,Gambia,Cameroon,gambia,cameroon,2,3,away,Group Stage,available,https://raw.githubusercontent.com/statsbomb/open-data/master/data/matches/1267/107.json
3920414,African Cup of Nations,2023,1267,107,African Cup of Nations 2023,2024-01-23,Angola,Burkina Faso,angola,burkina faso,2,0,home,Group Stage,available,https://raw.githubusercontent.com/statsbomb/open-data/master/data/matches/1267/107.json
3920415,African Cup of Nations,2023,1267,107,African Cup of Nations 2023,2024-01-23,Mauritania,Algeria,mauritania,algeria,1,0,home,Group Stage,available,https://raw.githubusercontent.com/statsbomb/open-data/master/data/matches/1267/107.json
3920416,African Cup of Nations,2023,1267,107,African Cup of Nations 2023,2024-01-24,South Africa,Tunisia,south africa,tunisia,0,0,draw,Group Stage,available,https://raw.githubusercontent.com/statsbomb/open-data/master/data/matches/1267/107.json
3920417,African Cup of Nations,2023,1267,107,African Cup of Nations 2023,2024-01-24,Namibia,Mali,namibia,mali,0,0,draw,Group Stage,available,https://raw.githubusercontent.com/statsbomb/open-data/master/data/matches/1267/107.json
3920418,African Cup of Nations,2023,1267,107,African Cup of Nations 2023,2024-01-24,Tanzania,Congo DR,tanzania,congo dr,0,0,draw,Group Stage,available,https://raw.githubusercontent.com/statsbomb/open-data/master/data/matches/1267/107.json
3920419,African Cup of Nations,2023,1267,107,African Cup of Nations 2023,2024-01-24,Zambia,Morocco,zambia,morocco,0,1,away,Group Stage,available,https://raw.githubusercontent.com/statsbomb/open-data/master/data/matches/1267/107.json
3922237,African Cup of Nations,2023,1267,107,African Cup of Nations 2023,2024-01-27,Angola,Namibia,angola,namibia,3,0,home,Round of 16,available,https://raw.githubusercontent.com/statsbomb/open-data/master/data/matches/1267/107.json
3922238,African Cup of Nations,2023,1267,107,African Cup of Nations 2023,2024-01-27,Nigeria,Cameroon,nigeria,cameroon,2,0,home,Round of 16,available,https://raw.githubusercontent.com/statsbomb/open-data/master/data/matches/1267/107.json
3922239,African Cup of Nations,2023,1267,107,African Cup of Nations 2023,2024-01-28,Equatorial Guinea,Guinea,equatorial guinea,guinea,0,1,away,Round of 16,available,https://raw.githubusercontent.com/statsbomb/open-data/master/data/matches/1267/107.json
3922240,African Cup of Nations,2023,1267,107,African Cup of Nations 2023,2024-01-28,Egypt,Congo DR,egypt,congo dr,1,1,draw,Round of 16,available,https://raw.githubusercontent.com/statsbomb/open-data/master/data/matches/1267/107.json
3922241,African Cup of Nations,2023,1267,107,African Cup of Nations 2023,2024-01-29,Cape Verde Islands,Mauritania,cape verde,mauritania,1,0,home,Round of 16,available,https://raw.githubusercontent.com/statsbomb/open-data/master/data/matches/1267/107.json
3922242,African Cup of Nations,2023,1267,107,African Cup of Nations 2023,2024-01-29,Senegal,Côte d'Ivoire,senegal,cote divoire,1,1,draw,Round of 16,available,https://raw.githubusercontent.com/statsbomb/open-data/master/data/matches/1267/107.json
3922243,African Cup of Nations,2023,1267,107,African Cup of Nations 2023,2024-01-30,Morocco,South Africa,morocco,south africa,0,2,away,Round of 16,available,https://raw.githubusercontent.com/statsbomb/open-data/master/data/matches/1267/107.json
3922244,African Cup of Nations,2023,1267,107,African Cup of Nations 2023,2024-01-30,Mali,Burkina Faso,mali,burkina faso,2,1,home,Round of 16,available,https://raw.githubusercontent.com/statsbomb/open-data/master/data/matches/1267/107.json
3922321,African Cup of Nations,2023,1267,107,African Cup of Nations 2023,2024-02-02,Nigeria,Angola,nigeria,angola,1,0,home,Quarter-finals,available,https://raw.githubusercontent.com/statsbomb/open-data/master/data/matches/1267/107.json
3922356,African Cup of Nations,2023,1267,107,African Cup of Nations 2023,2024-02-02,Congo DR,Guinea,congo dr,guinea,3,1,home,Quarter-finals,available,https://raw.githubusercontent.com/statsbomb/open-data/master/data/matches/1267/107.json
3922658,African Cup of Nations,2023,1267,107,African Cup of Nations 2023,2024-02-03,Cape Verde Islands,South Africa,cape verde,south africa,0,0,draw,Quarter-finals,available,https://raw.githubusercontent.com/statsbomb/open-data/master/data/matches/1267/107.json
3922659,African Cup of Nations,2023,1267,107,African Cup of Nations 2023,2024-02-03,Mali,Côte d'Ivoire,mali,cote divoire,1,2,away,Quarter-finals,available,https://raw.githubusercontent.com/statsbomb/open-data/master/data/matches/1267/107.json
3922837,African Cup of Nations,2023,1267,107,African Cup of Nations 2023,2024-02-07,Nigeria,South Africa,nigeria,south africa,1,1,draw,Semi-finals,available,https://raw.githubusercontent.com/statsbomb/open-data/master/data/matches/1267/107.json
3922838,African Cup of Nations,2023,1267,107,African Cup of Nations 2023,2024-02-07,Côte d'Ivoire,Congo DR,cote divoire,congo dr,1,0,home,Semi-finals,available,https://raw.githubusercontent.com/statsbomb/open-data/master/data/matches/1267/107.json
3923880,African Cup of Nations,2023,1267,107,African Cup of Nations 2023,2024-02-10,South Africa,Congo DR,south africa,congo dr,0,0,draw,3rd Place Final,available,https://raw.githubusercontent.com/statsbomb/open-data/master/data/matches/1267/107.json
3923881,African Cup of Nations,2023,1267,107,African Cup of Nations 2023,2024-02-11,Nigeria,Côte d'Ivoire,nigeria,cote divoire,1,2,away,Final,available,https://raw.githubusercontent.com/statsbomb/open-data/master/data/matches/1267/107.json
3939969,Copa America,2024,223,282,Copa America 2024,2024-06-21,Argentina,Canada,argentina,canada,2,0,home,Group Stage,available,https://raw.githubusercontent.com/statsbomb/open-data/master/data/matches/223/282.json
3939970,Copa America,2024,223,282,Copa America 2024,2024-06-22,Peru,Chile,peru,chile,0,0,draw,Group Stage,available,https://raw.githubusercontent.com/statsbomb/open-data/master/data/matches/223/282.json
3939971,Copa America,2024,223,282,Copa America 2024,2024-06-23,Mexico,Jamaica,mexico,jamaica,1,0,home,Group Stage,available,https://raw.githubusercontent.com/statsbomb/open-data/master/data/matches/223/282.json
3939972,Copa America,2024,223,282,Copa America 2024,2024-06-22,Ecuador,Venezuela,ecuador,venezuela,1,2,away,Group Stage,available,https://raw.githubusercontent.com/statsbomb/open-data/master/data/matches/223/282.json
3939973,Copa America,2024,223,282,Copa America 2024,2024-06-24,Uruguay,Panama,uruguay,panama,3,1,home,Group Stage,available,https://raw.githubusercontent.com/statsbomb/open-data/master/data/matches/223/282.json
3939974,Copa America,2024,223,282,Copa America 2024,2024-06-23,United States,Bolivia,united states,bolivia,2,0,home,Group Stage,available,https://raw.githubusercontent.com/statsbomb/open-data/master/data/matches/223/282.json
3939975,Copa America,2024,223,282,Copa America 2024,2024-06-24,Colombia,Paraguay,colombia,paraguay,2,1,home,Group Stage,available,https://raw.githubusercontent.com/statsbomb/open-data/master/data/matches/223/282.json
3939976,Copa America,2024,223,282,Copa America 2024,2024-06-25,Brazil,Costa Rica,brazil,costa rica,0,0,draw,Group Stage,available,https://raw.githubusercontent.com/statsbomb/open-data/master/data/matches/223/282.json
3939977,Copa America,2024,223,282,Copa America 2024,2024-06-26,Chile,Argentina,chile,argentina,0,1,away,Group Stage,available,https://raw.githubusercontent.com/statsbomb/open-data/master/data/matches/223/282.json
3939978,Copa America,2024,223,282,Copa America 2024,2024-06-25,Peru,Canada,peru,canada,0,1,away,Group Stage,available,https://raw.githubusercontent.com/statsbomb/open-data/master/data/matches/223/282.json
3939979,Copa America,2024,223,282,Copa America 2024,2024-06-27,Venezuela,Mexico,venezuela,mexico,1,0,home,Group Stage,available,https://raw.githubusercontent.com/statsbomb/open-data/master/data/matches/223/282.json
3939980,Copa America,2024,223,282,Copa America 2024,2024-06-26,Ecuador,Jamaica,ecuador,jamaica,3,1,home,Group Stage,available,https://raw.githubusercontent.com/statsbomb/open-data/master/data/matches/223/282.json
3939981,Copa America,2024,223,282,Copa America 2024,2024-06-27,Panama,United States,panama,united states,2,1,home,Group Stage,available,https://raw.githubusercontent.com/statsbomb/open-data/master/data/matches/223/282.json
3939982,Copa America,2024,223,282,Copa America 2024,2024-06-28,Uruguay,Bolivia,uruguay,bolivia,5,0,home,Group Stage,available,https://raw.githubusercontent.com/statsbomb/open-data/master/data/matches/223/282.json
3939983,Copa America,2024,223,282,Copa America 2024,2024-06-29,Paraguay,Brazil,paraguay,brazil,1,4,away,Group Stage,available,https://raw.githubusercontent.com/statsbomb/open-data/master/data/matches/223/282.json
3939984,Copa America,2024,223,282,Copa America 2024,2024-06-28,Colombia,Costa Rica,colombia,costa rica,3,0,home,Group Stage,available,https://raw.githubusercontent.com/statsbomb/open-data/master/data/matches/223/282.json
3939985,Copa America,2024,223,282,Copa America 2024,2024-06-30,Canada,Chile,canada,chile,0,0,draw,Group Stage,available,https://raw.githubusercontent.com/statsbomb/open-data/master/data/matches/223/282.json
3939986,Copa America,2024,223,282,Copa America 2024,2024-06-30,Argentina,Peru,argentina,peru,2,0,home,Group Stage,available,https://raw.githubusercontent.com/statsbomb/open-data/master/data/matches/223/282.json
3939987,Copa America,2024,223,282,Copa America 2024,2024-07-01,Jamaica,Venezuela,jamaica,venezuela,0,3,away,Group Stage,available,https://raw.githubusercontent.com/statsbomb/open-data/master/data/matches/223/282.json
3939988,Copa America,2024,223,282,Copa America 2024,2024-07-01,Mexico,Ecuador,mexico,ecuador,0,0,draw,Group Stage,available,https://raw.githubusercontent.com/statsbomb/open-data/master/data/matches/223/282.json
3939989,Copa America,2024,223,282,Copa America 2024,2024-07-02,Bolivia,Panama,bolivia,panama,1,3,away,Group Stage,available,https://raw.githubusercontent.com/statsbomb/open-data/master/data/matches/223/282.json
3939990,Copa America,2024,223,282,Copa America 2024,2024-07-02,United States,Uruguay,united states,uruguay,0,1,away,Group Stage,available,https://raw.githubusercontent.com/statsbomb/open-data/master/data/matches/223/282.json
3939991,Copa America,2024,223,282,Copa America 2024,2024-07-03,Brazil,Colombia,brazil,colombia,1,1,draw,Group Stage,available,https://raw.githubusercontent.com/statsbomb/open-data/master/data/matches/223/282.json
3939992,Copa America,2024,223,282,Copa America 2024,2024-07-03,Costa Rica,Paraguay,costa rica,paraguay,2,1,home,Group Stage,available,https://raw.githubusercontent.com/statsbomb/open-data/master/data/matches/223/282.json
3942228,Copa America,2024,223,282,Copa America 2024,2024-07-05,Argentina,Ecuador,argentina,ecuador,1,1,draw,Quarter-finals,available,https://raw.githubusercontent.com/statsbomb/open-data/master/data/matches/223/282.json
3942229,Copa America,2024,223,282,Copa America 2024,2024-07-06,Venezuela,Canada,venezuela,canada,1,1,draw,Quarter-finals,available,https://raw.githubusercontent.com/statsbomb/open-data/master/data/matches/223/282.json
3942415,Copa America,2024,223,282,Copa America 2024,2024-07-07,Uruguay,Brazil,uruguay,brazil,0,0,draw,Quarter-finals,available,https://raw.githubusercontent.com/statsbomb/open-data/master/data/matches/223/282.json
3942416,Copa America,2024,223,282,Copa America 2024,2024-07-06,Colombia,Panama,colombia,panama,5,0,home,Quarter-finals,available,https://raw.githubusercontent.com/statsbomb/open-data/master/data/matches/223/282.json
3942785,Copa America,2024,223,282,Copa America 2024,2024-07-10,Argentina,Canada,argentina,canada,2,0,home,Semi-finals,available,https://raw.githubusercontent.com/statsbomb/open-data/master/data/matches/223/282.json
3942852,Copa America,2024,223,282,Copa America 2024,2024-07-11,Uruguay,Colombia,uruguay,colombia,0,1,away,Semi-finals,available,https://raw.githubusercontent.com/statsbomb/open-data/master/data/matches/223/282.json
3943076,Copa America,2024,223,282,Copa America 2024,2024-07-14,Canada,Uruguay,canada,uruguay,2,2,draw,3rd Place Final,available,https://raw.githubusercontent.com/statsbomb/open-data/master/data/matches/223/282.json
3943077,Copa America,2024,223,282,Copa America 2024,2024-07-15,Argentina,Colombia,argentina,colombia,1,0,home,Final,available,https://raw.githubusercontent.com/statsbomb/open-data/master/data/matches/223/282.json
3888704,FIFA World Cup,1958,43,269,FIFA World Cup 1958,1958-06-24,Brazil,France,brazil,france,5,2,home,Semi-finals,available,https://raw.githubusercontent.com/statsbomb/open-data/master/data/matches/43/269.json
3888705,FIFA World Cup,1958,43,269,FIFA World Cup 1958,1958-06-29,Brazil,Sweden,brazil,sweden,5,2,home,Final,available,https://raw.githubusercontent.com/statsbomb/open-data/master/data/matches/43/269.json
3888854,FIFA World Cup,1962,43,270,FIFA World Cup 1962,1962-05-30,Brazil,Mexico,brazil,mexico,2,0,home,Group Stage,available,https://raw.githubusercontent.com/statsbomb/open-data/master/data/matches/43/270.json
3888699,FIFA World Cup,1970,43,272,FIFA World Cup 1970,1970-06-03,Brazil,Czechoslovakia,brazil,czechoslovakia,4,1,home,Group Stage,available,https://raw.githubusercontent.com/statsbomb/open-data/master/data/matches/43/272.json
3888700,FIFA World Cup,1970,43,272,FIFA World Cup 1970,1970-06-07,Brazil,England,brazil,england,1,0,home,Group Stage,available,https://raw.githubusercontent.com/statsbomb/open-data/master/data/matches/43/272.json
3888701,FIFA World Cup,1970,43,272,FIFA World Cup 1970,1970-06-17,Brazil,Uruguay,brazil,uruguay,3,1,home,Semi-finals,available,https://raw.githubusercontent.com/statsbomb/open-data/master/data/matches/43/272.json
3888702,FIFA World Cup,1970,43,272,FIFA World Cup 1970,1970-06-21,Brazil,Italy,brazil,italy,4,1,home,Final,available,https://raw.githubusercontent.com/statsbomb/open-data/master/data/matches/43/272.json
3889217,FIFA World Cup,1970,43,272,FIFA World Cup 1970,1970-06-09,Brazil,Romania,brazil,romania,3,2,home,Group Stage,available,https://raw.githubusercontent.com/statsbomb/open-data/master/data/matches/43/272.json
3889218,FIFA World Cup,1970,43,272,FIFA World Cup 1970,1970-06-14,Brazil,Peru,brazil,peru,4,2,home,Quarter-finals,available,https://raw.githubusercontent.com/statsbomb/open-data/master/data/matches/43/272.json
3750180,FIFA World Cup,1974,43,51,FIFA World Cup 1974,1974-06-22,German DR,Germany,german dr,germany,1,0,home,1st Group Stage,available,https://raw.githubusercontent.com/statsbomb/open-data/master/data/matches/43/51.json
3888716,FIFA World Cup,1974,43,51,FIFA World Cup 1974,1974-06-19,Netherlands,Sweden,netherlands,sweden,0,0,draw,1st Group Stage,available,https://raw.githubusercontent.com/statsbomb/open-data/master/data/matches/43/51.json
3888717,FIFA World Cup,1974,43,51,FIFA World Cup 1974,1974-06-26,Netherlands,Argentina,netherlands,argentina,4,0,home,1st Group Stage,available,https://raw.githubusercontent.com/statsbomb/open-data/master/data/matches/43/51.json
3888718,FIFA World Cup,1974,43,51,FIFA World Cup 1974,1974-06-30,German DR,Netherlands,german dr,netherlands,0,2,away,1st Group Stage,available,https://raw.githubusercontent.com/statsbomb/open-data/master/data/matches/43/51.json
3888719,FIFA World Cup,1974,43,51,FIFA World Cup 1974,1974-07-03,Netherlands,Brazil,netherlands,brazil,2,0,home,1st Group Stage,available,https://raw.githubusercontent.com/statsbomb/open-data/master/data/matches/43/51.json
3888720,FIFA World Cup,1974,43,51,FIFA World Cup 1974,1974-07-07,Netherlands,Germany,netherlands,germany,1,2,away,Final,available,https://raw.githubusercontent.com/statsbomb/open-data/master/data/matches/43/51.json
3750191,FIFA World Cup,1986,43,54,FIFA World Cup 1986,1986-06-22,Argentina,England,argentina,england,2,1,home,Quarter-finals,available,https://raw.githubusercontent.com/statsbomb/open-data/master/data/matches/43/54.json
3889148,FIFA World Cup,1986,43,54,FIFA World Cup 1986,1986-06-25,Argentina,Belgium,argentina,belgium,2,0,home,Semi-finals,available,https://raw.githubusercontent.com/statsbomb/open-data/master/data/matches/43/54.json
3889149,FIFA World Cup,1986,43,54,FIFA World Cup 1986,1986-06-29,Argentina,Germany,argentina,germany,3,2,home,Semi-finals,available,https://raw.githubusercontent.com/statsbomb/open-data/master/data/matches/43/54.json
3793185,FIFA World Cup,1990,43,55,FIFA World Cup 1990,1990-06-24,Brazil,Argentina,brazil,argentina,0,1,away,Round of 16,available,https://raw.githubusercontent.com/statsbomb/open-data/master/data/matches/43/55.json
7525,FIFA World Cup,2018,43,3,FIFA World Cup 2018,2018-06-14,Russia,Saudi Arabia,russia,saudi arabia,5,0,home,Group Stage,available,https://raw.githubusercontent.com/statsbomb/open-data/master/data/matches/43/3.json
7529,FIFA World Cup,2018,43,3,FIFA World Cup 2018,2018-06-16,Croatia,Nigeria,croatia,nigeria,2,0,home,Group Stage,available,https://raw.githubusercontent.com/statsbomb/open-data/master/data/matches/43/3.json
7530,FIFA World Cup,2018,43,3,FIFA World Cup 2018,2018-06-16,France,Australia,france,australia,2,1,home,Group Stage,available,https://raw.githubusercontent.com/statsbomb/open-data/master/data/matches/43/3.json
7531,FIFA World Cup,2018,43,3,FIFA World Cup 2018,2018-06-16,Argentina,Iceland,argentina,iceland,1,1,draw,Group Stage,available,https://raw.githubusercontent.com/statsbomb/open-data/master/data/matches/43/3.json
7532,FIFA World Cup,2018,43,3,FIFA World Cup 2018,2018-06-16,Peru,Denmark,peru,denmark,0,1,away,Group Stage,available,https://raw.githubusercontent.com/statsbomb/open-data/master/data/matches/43/3.json
7533,FIFA World Cup,2018,43,3,FIFA World Cup 2018,2018-06-17,Brazil,Switzerland,brazil,switzerland,1,1,draw,Group Stage,available,https://raw.githubusercontent.com/statsbomb/open-data/master/data/matches/43/3.json
7534,FIFA World Cup,2018,43,3,FIFA World Cup 2018,2018-06-17,Germany,Mexico,germany,mexico,0,1,away,Group Stage,available,https://raw.githubusercontent.com/statsbomb/open-data/master/data/matches/43/3.json
7535,FIFA World Cup,2018,43,3,FIFA World Cup 2018,2018-06-17,Costa Rica,Serbia,costa rica,serbia,0,1,away,Group Stage,available,https://raw.githubusercontent.com/statsbomb/open-data/master/data/matches/43/3.json
7536,FIFA World Cup,2018,43,3,FIFA World Cup 2018,2018-06-18,Belgium,Panama,belgium,panama,3,0,home,Group Stage,available,https://raw.githubusercontent.com/statsbomb/open-data/master/data/matches/43/3.json
7537,FIFA World Cup,2018,43,3,FIFA World Cup 2018,2018-06-18,Tunisia,England,tunisia,england,1,2,away,Group Stage,available,https://raw.githubusercontent.com/statsbomb/open-data/master/data/matches/43/3.json
7538,FIFA World Cup,2018,43,3,FIFA World Cup 2018,2018-06-18,Sweden,South Korea,sweden,south korea,1,0,home,Group Stage,available,https://raw.githubusercontent.com/statsbomb/open-data/master/data/matches/43/3.json
7539,FIFA World Cup,2018,43,3,FIFA World Cup 2018,2018-06-19,Poland,Senegal,poland,senegal,1,2,away,Group Stage,available,https://raw.githubusercontent.com/statsbomb/open-data/master/data/matches/43/3.json
7540,FIFA World Cup,2018,43,3,FIFA World Cup 2018,2018-06-19,Russia,Egypt,russia,egypt,3,1,home,Group Stage,available,https://raw.githubusercontent.com/statsbomb/open-data/master/data/matches/43/3.json
7541,FIFA World Cup,2018,43,3,FIFA World Cup 2018,2018-06-19,Colombia,Japan,colombia,japan,1,2,away,Group Stage,available,https://raw.githubusercontent.com/statsbomb/open-data/master/data/matches/43/3.json
7542,FIFA World Cup,2018,43,3,FIFA World Cup 2018,2018-06-20,Portugal,Morocco,portugal,morocco,1,0,home,Group Stage,available,https://raw.githubusercontent.com/statsbomb/open-data/master/data/matches/43/3.json
7543,FIFA World Cup,2018,43,3,FIFA World Cup 2018,2018-06-20,Iran,Spain,iran,spain,0,1,away,Group Stage,available,https://raw.githubusercontent.com/statsbomb/open-data/master/data/matches/43/3.json
7544,FIFA World Cup,2018,43,3,FIFA World Cup 2018,2018-06-20,Uruguay,Saudi Arabia,uruguay,saudi arabia,1,0,home,Group Stage,available,https://raw.githubusercontent.com/statsbomb/open-data/master/data/matches/43/3.json
7545,FIFA World Cup,2018,43,3,FIFA World Cup 2018,2018-06-21,Argentina,Croatia,argentina,croatia,0,3,away,Group Stage,available,https://raw.githubusercontent.com/statsbomb/open-data/master/data/matches/43/3.json
7546,FIFA World Cup,2018,43,3,FIFA World Cup 2018,2018-06-21,France,Peru,france,peru,1,0,home,Group Stage,available,https://raw.githubusercontent.com/statsbomb/open-data/master/data/matches/43/3.json
7547,FIFA World Cup,2018,43,3,FIFA World Cup 2018,2018-06-21,Denmark,Australia,denmark,australia,1,1,draw,Group Stage,available,https://raw.githubusercontent.com/statsbomb/open-data/master/data/matches/43/3.json
7548,FIFA World Cup,2018,43,3,FIFA World Cup 2018,2018-06-22,Brazil,Costa Rica,brazil,costa rica,2,0,home,Group Stage,available,https://raw.githubusercontent.com/statsbomb/open-data/master/data/matches/43/3.json
7549,FIFA World Cup,2018,43,3,FIFA World Cup 2018,2018-06-22,Nigeria,Iceland,nigeria,iceland,2,0,home,Group Stage,available,https://raw.githubusercontent.com/statsbomb/open-data/master/data/matches/43/3.json
7550,FIFA World Cup,2018,43,3,FIFA World Cup 2018,2018-06-22,Serbia,Switzerland,serbia,switzerland,1,2,away,Group Stage,available,https://raw.githubusercontent.com/statsbomb/open-data/master/data/matches/43/3.json
7551,FIFA World Cup,2018,43,3,FIFA World Cup 2018,2018-06-23,Germany,Sweden,germany,sweden,2,1,home,Group Stage,available,https://raw.githubusercontent.com/statsbomb/open-data/master/data/matches/43/3.json
7552,FIFA World Cup,2018,43,3,FIFA World Cup 2018,2018-06-23,Belgium,Tunisia,belgium,tunisia,5,2,home,Group Stage,available,https://raw.githubusercontent.com/statsbomb/open-data/master/data/matches/43/3.json
7553,FIFA World Cup,2018,43,3,FIFA World Cup 2018,2018-06-23,South Korea,Mexico,south korea,mexico,1,2,away,Group Stage,available,https://raw.githubusercontent.com/statsbomb/open-data/master/data/matches/43/3.json
7554,FIFA World Cup,2018,43,3,FIFA World Cup 2018,2018-06-24,England,Panama,england,panama,6,1,home,Group Stage,available,https://raw.githubusercontent.com/statsbomb/open-data/master/data/matches/43/3.json
7555,FIFA World Cup,2018,43,3,FIFA World Cup 2018,2018-06-24,Poland,Colombia,poland,colombia,0,3,away,Group Stage,available,https://raw.githubusercontent.com/statsbomb/open-data/master/data/matches/43/3.json
7556,FIFA World Cup,2018,43,3,FIFA World Cup 2018,2018-06-24,Japan,Senegal,japan,senegal,2,2,draw,Group Stage,available,https://raw.githubusercontent.com/statsbomb/open-data/master/data/matches/43/3.json
7557,FIFA World Cup,2018,43,3,FIFA World Cup 2018,2018-06-25,Iran,Portugal,iran,portugal,1,1,draw,Group Stage,available,https://raw.githubusercontent.com/statsbomb/open-data/master/data/matches/43/3.json
7558,FIFA World Cup,2018,43,3,FIFA World Cup 2018,2018-06-25,Uruguay,Russia,uruguay,russia,3,0,home,Group Stage,available,https://raw.githubusercontent.com/statsbomb/open-data/master/data/matches/43/3.json
7559,FIFA World Cup,2018,43,3,FIFA World Cup 2018,2018-06-25,Saudi Arabia,Egypt,saudi arabia,egypt,2,1,home,Group Stage,available,https://raw.githubusercontent.com/statsbomb/open-data/master/data/matches/43/3.json
7560,FIFA World Cup,2018,43,3,FIFA World Cup 2018,2018-06-25,Spain,Morocco,spain,morocco,2,2,draw,Group Stage,available,https://raw.githubusercontent.com/statsbomb/open-data/master/data/matches/43/3.json
7561,FIFA World Cup,2018,43,3,FIFA World Cup 2018,2018-06-26,Iceland,Croatia,iceland,croatia,1,2,away,Group Stage,available,https://raw.githubusercontent.com/statsbomb/open-data/master/data/matches/43/3.json
7562,FIFA World Cup,2018,43,3,FIFA World Cup 2018,2018-06-26,Australia,Peru,australia,peru,0,2,away,Group Stage,available,https://raw.githubusercontent.com/statsbomb/open-data/master/data/matches/43/3.json
7563,FIFA World Cup,2018,43,3,FIFA World Cup 2018,2018-06-26,Denmark,France,denmark,france,0,0,draw,Group Stage,available,https://raw.githubusercontent.com/statsbomb/open-data/master/data/matches/43/3.json
7564,FIFA World Cup,2018,43,3,FIFA World Cup 2018,2018-06-26,Nigeria,Argentina,nigeria,argentina,1,2,away,Group Stage,available,https://raw.githubusercontent.com/statsbomb/open-data/master/data/matches/43/3.json
7565,FIFA World Cup,2018,43,3,FIFA World Cup 2018,2018-06-27,Serbia,Brazil,serbia,brazil,0,2,away,Group Stage,available,https://raw.githubusercontent.com/statsbomb/open-data/master/data/matches/43/3.json
7566,FIFA World Cup,2018,43,3,FIFA World Cup 2018,2018-06-27,Mexico,Sweden,mexico,sweden,0,3,away,Group Stage,available,https://raw.githubusercontent.com/statsbomb/open-data/master/data/matches/43/3.json
7567,FIFA World Cup,2018,43,3,FIFA World Cup 2018,2018-06-27,South Korea,Germany,south korea,germany,2,0,home,Group Stage,available,https://raw.githubusercontent.com/statsbomb/open-data/master/data/matches/43/3.json
7568,FIFA World Cup,2018,43,3,FIFA World Cup 2018,2018-06-27,Switzerland,Costa Rica,switzerland,costa rica,2,2,draw,Group Stage,available,https://raw.githubusercontent.com/statsbomb/open-data/master/data/matches/43/3.json
7569,FIFA World Cup,2018,43,3,FIFA World Cup 2018,2018-06-28,Panama,Tunisia,panama,tunisia,1,2,away,Group Stage,available,https://raw.githubusercontent.com/statsbomb/open-data/master/data/matches/43/3.json
7570,FIFA World Cup,2018,43,3,FIFA World Cup 2018,2018-06-28,England,Belgium,england,belgium,0,1,away,Group Stage,available,https://raw.githubusercontent.com/statsbomb/open-data/master/data/matches/43/3.json
7571,FIFA World Cup,2018,43,3,FIFA World Cup 2018,2018-06-28,Senegal,Colombia,senegal,colombia,0,1,away,Group Stage,available,https://raw.githubusercontent.com/statsbomb/open-data/master/data/matches/43/3.json
7572,FIFA World Cup,2018,43,3,FIFA World Cup 2018,2018-06-28,Japan,Poland,japan,poland,0,1,away,Group Stage,available,https://raw.githubusercontent.com/statsbomb/open-data/master/data/matches/43/3.json
7576,FIFA World Cup,2018,43,3,FIFA World Cup 2018,2018-06-15,Portugal,Spain,portugal,spain,3,3,draw,Group Stage,available,https://raw.githubusercontent.com/statsbomb/open-data/master/data/matches/43/3.json
7577,FIFA World Cup,2018,43,3,FIFA World Cup 2018,2018-06-15,Morocco,Iran,morocco,iran,0,1,away,Group Stage,available,https://raw.githubusercontent.com/statsbomb/open-data/master/data/matches/43/3.json
7578,FIFA World Cup,2018,43,3,FIFA World Cup 2018,2018-06-15,Egypt,Uruguay,egypt,uruguay,0,1,away,Group Stage,available,https://raw.githubusercontent.com/statsbomb/open-data/master/data/matches/43/3.json
7579,FIFA World Cup,2018,43,3,FIFA World Cup 2018,2018-06-30,Uruguay,Portugal,uruguay,portugal,2,1,home,Round of 16,available,https://raw.githubusercontent.com/statsbomb/open-data/master/data/matches/43/3.json
7580,FIFA World Cup,2018,43,3,FIFA World Cup 2018,2018-06-30,France,Argentina,france,argentina,4,3,home,Round of 16,available,https://raw.githubusercontent.com/statsbomb/open-data/master/data/matches/43/3.json
7581,FIFA World Cup,2018,43,3,FIFA World Cup 2018,2018-07-01,Croatia,Denmark,croatia,denmark,1,1,draw,Round of 16,available,https://raw.githubusercontent.com/statsbomb/open-data/master/data/matches/43/3.json
7582,FIFA World Cup,2018,43,3,FIFA World Cup 2018,2018-07-01,Spain,Russia,spain,russia,1,1,draw,Round of 16,available,https://raw.githubusercontent.com/statsbomb/open-data/master/data/matches/43/3.json
7583,FIFA World Cup,2018,43,3,FIFA World Cup 2018,2018-07-02,Brazil,Mexico,brazil,mexico,2,0,home,Round of 16,available,https://raw.githubusercontent.com/statsbomb/open-data/master/data/matches/43/3.json
7584,FIFA World Cup,2018,43,3,FIFA World Cup 2018,2018-07-02,Belgium,Japan,belgium,japan,3,2,home,Round of 16,available,https://raw.githubusercontent.com/statsbomb/open-data/master/data/matches/43/3.json
7585,FIFA World Cup,2018,43,3,FIFA World Cup 2018,2018-07-03,Colombia,England,colombia,england,1,1,draw,Round of 16,available,https://raw.githubusercontent.com/statsbomb/open-data/master/data/matches/43/3.json
7586,FIFA World Cup,2018,43,3,FIFA World Cup 2018,2018-07-03,Sweden,Switzerland,sweden,switzerland,1,0,home,Round of 16,available,https://raw.githubusercontent.com/statsbomb/open-data/master/data/matches/43/3.json
8649,FIFA World Cup,2018,43,3,FIFA World Cup 2018,2018-07-06,Uruguay,France,uruguay,france,0,2,away,Quarter-finals,available,https://raw.githubusercontent.com/statsbomb/open-data/master/data/matches/43/3.json
8650,FIFA World Cup,2018,43,3,FIFA World Cup 2018,2018-07-06,Brazil,Belgium,brazil,belgium,1,2,away,Quarter-finals,available,https://raw.githubusercontent.com/statsbomb/open-data/master/data/matches/43/3.json
8651,FIFA World Cup,2018,43,3,FIFA World Cup 2018,2018-07-07,Sweden,England,sweden,england,0,2,away,Quarter-finals,available,https://raw.githubusercontent.com/statsbomb/open-data/master/data/matches/43/3.json
8652,FIFA World Cup,2018,43,3,FIFA World Cup 2018,2018-07-07,Russia,Croatia,russia,croatia,2,2,draw,Quarter-finals,available,https://raw.githubusercontent.com/statsbomb/open-data/master/data/matches/43/3.json
8655,FIFA World Cup,2018,43,3,FIFA World Cup 2018,2018-07-10,France,Belgium,france,belgium,1,0,home,Semi-finals,available,https://raw.githubusercontent.com/statsbomb/open-data/master/data/matches/43/3.json
8656,FIFA World Cup,2018,43,3,FIFA World Cup 2018,2018-07-11,Croatia,England,croatia,england,2,1,home,Semi-finals,available,https://raw.githubusercontent.com/statsbomb/open-data/master/data/matches/43/3.json
8657,FIFA World Cup,2018,43,3,FIFA World Cup 2018,2018-07-14,Belgium,England,belgium,england,2,0,home,3rd Place Final,available,https://raw.githubusercontent.com/statsbomb/open-data/master/data/matches/43/3.json
8658,FIFA World Cup,2018,43,3,FIFA World Cup 2018,2018-07-15,France,Croatia,france,croatia,4,2,home,Final,available,https://raw.githubusercontent.com/statsbomb/open-data/master/data/matches/43/3.json
3857254,FIFA World Cup,2022,43,106,FIFA World Cup 2022,2022-11-22,Denmark,Tunisia,denmark,tunisia,0,0,draw,Group Stage,available,https://raw.githubusercontent.com/statsbomb/open-data/master/data/matches/43/106.json
3857255,FIFA World Cup,2022,43,106,FIFA World Cup 2022,2022-12-01,Japan,Spain,japan,spain,2,1,home,Group Stage,available,https://raw.githubusercontent.com/statsbomb/open-data/master/data/matches/43/106.json
3857256,FIFA World Cup,2022,43,106,FIFA World Cup 2022,2022-12-02,Serbia,Switzerland,serbia,switzerland,2,3,away,Group Stage,available,https://raw.githubusercontent.com/statsbomb/open-data/master/data/matches/43/106.json
3857257,FIFA World Cup,2022,43,106,FIFA World Cup 2022,2022-11-30,Australia,Denmark,australia,denmark,1,0,home,Group Stage,available,https://raw.githubusercontent.com/statsbomb/open-data/master/data/matches/43/106.json
3857258,FIFA World Cup,2022,43,106,FIFA World Cup 2022,2022-11-24,Brazil,Serbia,brazil,serbia,2,0,home,Group Stage,available,https://raw.githubusercontent.com/statsbomb/open-data/master/data/matches/43/106.json
3857259,FIFA World Cup,2022,43,106,FIFA World Cup 2022,2022-11-28,Cameroon,Serbia,cameroon,serbia,3,3,draw,Group Stage,available,https://raw.githubusercontent.com/statsbomb/open-data/master/data/matches/43/106.json
3857260,FIFA World Cup,2022,43,106,FIFA World Cup 2022,2022-11-30,Saudi Arabia,Mexico,saudi arabia,mexico,1,2,away,Group Stage,available,https://raw.githubusercontent.com/statsbomb/open-data/master/data/matches/43/106.json
3857261,FIFA World Cup,2022,43,106,FIFA World Cup 2022,2022-11-29,Wales,England,wales,england,0,3,away,Group Stage,available,https://raw.githubusercontent.com/statsbomb/open-data/master/data/matches/43/106.json
3857262,FIFA World Cup,2022,43,106,FIFA World Cup 2022,2022-12-02,South Korea,Portugal,south korea,portugal,2,1,home,Group Stage,available,https://raw.githubusercontent.com/statsbomb/open-data/master/data/matches/43/106.json
3857263,FIFA World Cup,2022,43,106,FIFA World Cup 2022,2022-11-27,Spain,Germany,spain,germany,1,1,draw,Group Stage,available,https://raw.githubusercontent.com/statsbomb/open-data/master/data/matches/43/106.json
3857264,FIFA World Cup,2022,43,106,FIFA World Cup 2022,2022-11-30,Poland,Argentina,poland,argentina,0,2,away,Group Stage,available,https://raw.githubusercontent.com/statsbomb/open-data/master/data/matches/43/106.json
3857265,FIFA World Cup,2022,43,106,FIFA World Cup 2022,2022-11-22,Mexico,Poland,mexico,poland,0,0,draw,Group Stage,available,https://raw.githubusercontent.com/statsbomb/open-data/master/data/matches/43/106.json
3857266,FIFA World Cup,2022,43,106,FIFA World Cup 2022,2022-11-26,France,Denmark,france,denmark,2,1,home,Group Stage,available,https://raw.githubusercontent.com/statsbomb/open-data/master/data/matches/43/106.json
3857267,FIFA World Cup,2022,43,106,FIFA World Cup 2022,2022-11-29,Ecuador,Senegal,ecuador,senegal,1,2,away,Group Stage,available,https://raw.githubusercontent.com/statsbomb/open-data/master/data/matches/43/106.json
3857268,FIFA World Cup,2022,43,106,FIFA World Cup 2022,2022-11-23,Belgium,Canada,belgium,canada,1,0,home,Group Stage,available,https://raw.githubusercontent.com/statsbomb/open-data/master/data/matches/43/106.json
3857269,FIFA World Cup,2022,43,106,FIFA World Cup 2022,2022-11-28,Brazil,Switzerland,brazil,switzerland,1,0,home,Group Stage,available,https://raw.githubusercontent.com/statsbomb/open-data/master/data/matches/43/106.json
3857270,FIFA World Cup,2022,43,106,FIFA World Cup 2022,2022-11-28,Portugal,Uruguay,portugal,uruguay,2,0,home,Group Stage,available,https://raw.githubusercontent.com/statsbomb/open-data/master/data/matches/43/106.json
3857271,FIFA World Cup,2022,43,106,FIFA World Cup 2022,2022-11-21,England,Iran,england,iran,6,2,home,Group Stage,available,https://raw.githubusercontent.com/statsbomb/open-data/master/data/matches/43/106.json
3857272,FIFA World Cup,2022,43,106,FIFA World Cup 2022,2022-11-25,England,United States,england,united states,0,0,draw,Group Stage,available,https://raw.githubusercontent.com/statsbomb/open-data/master/data/matches/43/106.json
3857273,FIFA World Cup,2022,43,106,FIFA World Cup 2022,2022-11-25,Wales,Iran,wales,iran,0,2,away,Group Stage,available,https://raw.githubusercontent.com/statsbomb/open-data/master/data/matches/43/106.json
3857274,FIFA World Cup,2022,43,106,FIFA World Cup 2022,2022-11-25,Netherlands,Ecuador,netherlands,ecuador,1,1,draw,Group Stage,available,https://raw.githubusercontent.com/statsbomb/open-data/master/data/matches/43/106.json
3857275,FIFA World Cup,2022,43,106,FIFA World Cup 2022,2022-11-30,Tunisia,France,tunisia,france,1,0,home,Group Stage,available,https://raw.githubusercontent.com/statsbomb/open-data/master/data/matches/43/106.json
3857276,FIFA World Cup,2022,43,106,FIFA World Cup 2022,2022-12-01,Canada,Morocco,canada,morocco,1,2,away,Group Stage,available,https://raw.githubusercontent.com/statsbomb/open-data/master/data/matches/43/106.json
3857277,FIFA World Cup,2022,43,106,FIFA World Cup 2022,2022-11-23,Morocco,Croatia,morocco,croatia,0,0,draw,Group Stage,available,https://raw.githubusercontent.com/statsbomb/open-data/master/data/matches/43/106.json
3857278,FIFA World Cup,2022,43,106,FIFA World Cup 2022,2022-11-29,Iran,United States,iran,united states,0,1,away,Group Stage,available,https://raw.githubusercontent.com/statsbomb/open-data/master/data/matches/43/106.json
3857279,FIFA World Cup,2022,43,106,FIFA World Cup 2022,2022-11-22,France,Australia,france,australia,4,1,home,Group Stage,available,https://raw.githubusercontent.com/statsbomb/open-data/master/data/matches/43/106.json
3857280,FIFA World Cup,2022,43,106,FIFA World Cup 2022,2022-12-02,Cameroon,Brazil,cameroon,brazil,1,0,home,Group Stage,available,https://raw.githubusercontent.com/statsbomb/open-data/master/data/matches/43/106.json
3857281,FIFA World Cup,2022,43,106,FIFA World Cup 2022,2022-11-27,Croatia,Canada,croatia,canada,4,1,home,Group Stage,available,https://raw.githubusercontent.com/statsbomb/open-data/master/data/matches/43/106.json
3857282,FIFA World Cup,2022,43,106,FIFA World Cup 2022,2022-11-21,United States,Wales,united states,wales,1,1,draw,Group Stage,available,https://raw.githubusercontent.com/statsbomb/open-data/master/data/matches/43/106.json
3857283,FIFA World Cup,2022,43,106,FIFA World Cup 2022,2022-11-27,Belgium,Morocco,belgium,morocco,0,2,away,Group Stage,available,https://raw.githubusercontent.com/statsbomb/open-data/master/data/matches/43/106.json
3857284,FIFA World Cup,2022,43,106,FIFA World Cup 2022,2022-11-23,Germany,Japan,germany,japan,1,2,away,Group Stage,available,https://raw.githubusercontent.com/statsbomb/open-data/master/data/matches/43/106.json
3857285,FIFA World Cup,2022,43,106,FIFA World Cup 2022,2022-11-21,Senegal,Netherlands,senegal,netherlands,0,2,away,Group Stage,available,https://raw.githubusercontent.com/statsbomb/open-data/master/data/matches/43/106.json
3857286,FIFA World Cup,2022,43,106,FIFA World Cup 2022,2022-11-20,Qatar,Ecuador,qatar,ecuador,0,2,away,Group Stage,available,https://raw.githubusercontent.com/statsbomb/open-data/master/data/matches/43/106.json
3857287,FIFA World Cup,2022,43,106,FIFA World Cup 2022,2022-11-24,Uruguay,South Korea,uruguay,south korea,0,0,draw,Group Stage,available,https://raw.githubusercontent.com/statsbomb/open-data/master/data/matches/43/106.json
3857288,FIFA World Cup,2022,43,106,FIFA World Cup 2022,2022-11-26,Tunisia,Australia,tunisia,australia,0,1,away,Group Stage,available,https://raw.githubusercontent.com/statsbomb/open-data/master/data/matches/43/106.json
3857289,FIFA World Cup,2022,43,106,FIFA World Cup 2022,2022-11-26,Argentina,Mexico,argentina,mexico,2,0,home,Group Stage,available,https://raw.githubusercontent.com/statsbomb/open-data/master/data/matches/43/106.json
3857290,FIFA World Cup,2022,43,106,FIFA World Cup 2022,2022-11-24,Switzerland,Cameroon,switzerland,cameroon,1,0,home,Group Stage,available,https://raw.githubusercontent.com/statsbomb/open-data/master/data/matches/43/106.json
3857291,FIFA World Cup,2022,43,106,FIFA World Cup 2022,2022-11-23,Spain,Costa Rica,spain,costa rica,7,0,home,Group Stage,available,https://raw.githubusercontent.com/statsbomb/open-data/master/data/matches/43/106.json
3857292,FIFA World Cup,2022,43,106,FIFA World Cup 2022,2022-12-01,Costa Rica,Germany,costa rica,germany,2,4,away,Group Stage,available,https://raw.githubusercontent.com/statsbomb/open-data/master/data/matches/43/106.json
3857293,FIFA World Cup,2022,43,106,FIFA World Cup 2022,2022-12-02,Ghana,Uruguay,ghana,uruguay,0,2,away,Group Stage,available,https://raw.githubusercontent.com/statsbomb/open-data/master/data/matches/43/106.json
3857294,FIFA World Cup,2022,43,106,FIFA World Cup 2022,2022-11-29,Netherlands,Qatar,netherlands,qatar,2,0,home,Group Stage,available,https://raw.githubusercontent.com/statsbomb/open-data/master/data/matches/43/106.json
3857295,FIFA World Cup,2022,43,106,FIFA World Cup 2022,2022-11-27,Japan,Costa Rica,japan,costa rica,0,1,away,Group Stage,available,https://raw.githubusercontent.com/statsbomb/open-data/master/data/matches/43/106.json
3857296,FIFA World Cup,2022,43,106,FIFA World Cup 2022,2022-12-01,Croatia,Belgium,croatia,belgium,0,0,draw,Group Stage,available,https://raw.githubusercontent.com/statsbomb/open-data/master/data/matches/43/106.json
3857297,FIFA World Cup,2022,43,106,FIFA World Cup 2022,2022-11-26,Poland,Saudi Arabia,poland,saudi arabia,2,0,home,Group Stage,available,https://raw.githubusercontent.com/statsbomb/open-data/master/data/matches/43/106.json
3857298,FIFA World Cup,2022,43,106,FIFA World Cup 2022,2022-11-24,Portugal,Ghana,portugal,ghana,3,2,home,Group Stage,available,https://raw.githubusercontent.com/statsbomb/open-data/master/data/matches/43/106.json
3857299,FIFA World Cup,2022,43,106,FIFA World Cup 2022,2022-11-28,South Korea,Ghana,south korea,ghana,2,3,away,Group Stage,available,https://raw.githubusercontent.com/statsbomb/open-data/master/data/matches/43/106.json
3857300,FIFA World Cup,2022,43,106,FIFA World Cup 2022,2022-11-22,Argentina,Saudi Arabia,argentina,saudi arabia,1,2,away,Group Stage,available,https://raw.githubusercontent.com/statsbomb/open-data/master/data/matches/43/106.json
3857301,FIFA World Cup,2022,43,106,FIFA World Cup 2022,2022-11-25,Qatar,Senegal,qatar,senegal,1,3,away,Group Stage,available,https://raw.githubusercontent.com/statsbomb/open-data/master/data/matches/43/106.json
3869117,FIFA World Cup,2022,43,106,FIFA World Cup 2022,2022-12-03,Netherlands,United States,netherlands,united states,3,1,home,Round of 16,available,https://raw.githubusercontent.com/statsbomb/open-data/master/data/matches/43/106.json
3869118,FIFA World Cup,2022,43,106,FIFA World Cup 2022,2022-12-04,England,Senegal,england,senegal,3,0,home,Round of 16,available,https://raw.githubusercontent.com/statsbomb/open-data/master/data/matches/43/106.json
3869151,FIFA World Cup,2022,43,106,FIFA World Cup 2022,2022-12-03,Argentina,Australia,argentina,australia,2,1,home,Round of 16,available,https://raw.githubusercontent.com/statsbomb/open-data/master/data/matches/43/106.json
3869152,FIFA World Cup,2022,43,106,FIFA World Cup 2022,2022-12-04,France,Poland,france,poland,3,1,home,Round of 16,available,https://raw.githubusercontent.com/statsbomb/open-data/master/data/matches/43/106.json
3869219,FIFA World Cup,2022,43,106,FIFA World Cup 2022,2022-12-05,Japan,Croatia,japan,croatia,1,1,draw,Round of 16,available,https://raw.githubusercontent.com/statsbomb/open-data/master/data/matches/43/106.json
3869220,FIFA World Cup,2022,43,106,FIFA World Cup 2022,2022-12-06,Morocco,Spain,morocco,spain,0,0,draw,Round of 16,available,https://raw.githubusercontent.com/statsbomb/open-data/master/data/matches/43/106.json
3869253,FIFA World Cup,2022,43,106,FIFA World Cup 2022,2022-12-05,Brazil,South Korea,brazil,south korea,4,1,home,Round of 16,available,https://raw.githubusercontent.com/statsbomb/open-data/master/data/matches/43/106.json
3869254,FIFA World Cup,2022,43,106,FIFA World Cup 2022,2022-12-06,Portugal,Switzerland,portugal,switzerland,6,1,home,Round of 16,available,https://raw.githubusercontent.com/statsbomb/open-data/master/data/matches/43/106.json
3869321,FIFA World Cup,2022,43,106,FIFA World Cup 2022,2022-12-09,Netherlands,Argentina,netherlands,argentina,2,2,draw,Quarter-finals,available,https://raw.githubusercontent.com/statsbomb/open-data/master/data/matches/43/106.json
3869354,FIFA World Cup,2022,43,106,FIFA World Cup 2022,2022-12-10,England,France,england,france,1,2,away,Quarter-finals,available,https://raw.githubusercontent.com/statsbomb/open-data/master/data/matches/43/106.json
3869420,FIFA World Cup,2022,43,106,FIFA World Cup 2022,2022-12-09,Croatia,Brazil,croatia,brazil,1,1,draw,Quarter-finals,available,https://raw.githubusercontent.com/statsbomb/open-data/master/data/matches/43/106.json
3869486,FIFA World Cup,2022,43,106,FIFA World Cup 2022,2022-12-10,Morocco,Portugal,morocco,portugal,1,0,home,Quarter-finals,available,https://raw.githubusercontent.com/statsbomb/open-data/master/data/matches/43/106.json
3869519,FIFA World Cup,2022,43,106,FIFA World Cup 2022,2022-12-13,Argentina,Croatia,argentina,croatia,3,0,home,Semi-finals,available,https://raw.githubusercontent.com/statsbomb/open-data/master/data/matches/43/106.json
3869552,FIFA World Cup,2022,43,106,FIFA World Cup 2022,2022-12-14,France,Morocco,france,morocco,2,0,home,Semi-finals,available,https://raw.githubusercontent.com/statsbomb/open-data/master/data/matches/43/106.json
3869684,FIFA World Cup,2022,43,106,FIFA World Cup 2022,2022-12-17,Croatia,Morocco,croatia,morocco,2,1,home,3rd Place Final,available,https://raw.githubusercontent.com/statsbomb/open-data/master/data/matches/43/106.json
3869685,FIFA World Cup,2022,43,106,FIFA World Cup 2022,2022-12-18,Argentina,France,argentina,france,3,3,draw,Final,available,https://raw.githubusercontent.com/statsbomb/open-data/master/data/matches/43/106.json
3788741,UEFA Euro,2020,55,43,UEFA Euro 2020,2021-06-11,Turkey,Italy,turkey,italy,0,3,away,Group Stage,available,https://raw.githubusercontent.com/statsbomb/open-data/master/data/matches/55/43.json
3788742,UEFA Euro,2020,55,43,UEFA Euro 2020,2021-06-12,Denmark,Finland,denmark,finland,0,1,away,Group Stage,available,https://raw.githubusercontent.com/statsbomb/open-data/master/data/matches/55/43.json
3788743,UEFA Euro,2020,55,43,UEFA Euro 2020,2021-06-12,Belgium,Russia,belgium,russia,3,0,home,Group Stage,available,https://raw.githubusercontent.com/statsbomb/open-data/master/data/matches/55/43.json
3788744,UEFA Euro,2020,55,43,UEFA Euro 2020,2021-06-12,Wales,Switzerland,wales,switzerland,1,1,draw,Group Stage,available,https://raw.githubusercontent.com/statsbomb/open-data/master/data/matches/55/43.json
3788745,UEFA Euro,2020,55,43,UEFA Euro 2020,2021-06-13,England,Croatia,england,croatia,1,0,home,Group Stage,available,https://raw.githubusercontent.com/statsbomb/open-data/master/data/matches/55/43.json
3788746,UEFA Euro,2020,55,43,UEFA Euro 2020,2021-06-13,Netherlands,Ukraine,netherlands,ukraine,3,2,home,Group Stage,available,https://raw.githubusercontent.com/statsbomb/open-data/master/data/matches/55/43.json
3788747,UEFA Euro,2020,55,43,UEFA Euro 2020,2021-06-13,Austria,North Macedonia,austria,macedonia,3,1,home,Group Stage,available,https://raw.githubusercontent.com/statsbomb/open-data/master/data/matches/55/43.json
3788748,UEFA Euro,2020,55,43,UEFA Euro 2020,2021-06-14,Scotland,Czech Republic,scotland,czech republic,0,2,away,Group Stage,available,https://raw.githubusercontent.com/statsbomb/open-data/master/data/matches/55/43.json
3788749,UEFA Euro,2020,55,43,UEFA Euro 2020,2021-06-14,Poland,Slovakia,poland,slovakia,1,2,away,Group Stage,available,https://raw.githubusercontent.com/statsbomb/open-data/master/data/matches/55/43.json
3788750,UEFA Euro,2020,55,43,UEFA Euro 2020,2021-06-14,Spain,Sweden,spain,sweden,0,0,draw,Group Stage,available,https://raw.githubusercontent.com/statsbomb/open-data/master/data/matches/55/43.json
3788751,UEFA Euro,2020,55,43,UEFA Euro 2020,2021-06-15,France,Germany,france,germany,1,0,home,Group Stage,available,https://raw.githubusercontent.com/statsbomb/open-data/master/data/matches/55/43.json
3788752,UEFA Euro,2020,55,43,UEFA Euro 2020,2021-06-15,Hungary,Portugal,hungary,portugal,0,3,away,Group Stage,available,https://raw.githubusercontent.com/statsbomb/open-data/master/data/matches/55/43.json
3788753,UEFA Euro,2020,55,43,UEFA Euro 2020,2021-06-16,Finland,Russia,finland,russia,0,1,away,Group Stage,available,https://raw.githubusercontent.com/statsbomb/open-data/master/data/matches/55/43.json
3788754,UEFA Euro,2020,55,43,UEFA Euro 2020,2021-06-16,Italy,Switzerland,italy,switzerland,3,0,home,Group Stage,available,https://raw.githubusercontent.com/statsbomb/open-data/master/data/matches/55/43.json
3788755,UEFA Euro,2020,55,43,UEFA Euro 2020,2021-06-16,Turkey,Wales,turkey,wales,0,2,away,Group Stage,available,https://raw.githubusercontent.com/statsbomb/open-data/master/data/matches/55/43.json
3788756,UEFA Euro,2020,55,43,UEFA Euro 2020,2021-06-17,Netherlands,Austria,netherlands,austria,2,0,home,Group Stage,available,https://raw.githubusercontent.com/statsbomb/open-data/master/data/matches/55/43.json
3788757,UEFA Euro,2020,55,43,UEFA Euro 2020,2021-06-17,Denmark,Belgium,denmark,belgium,1,2,away,Group Stage,available,https://raw.githubusercontent.com/statsbomb/open-data/master/data/matches/55/43.json
3788758,UEFA Euro,2020,55,43,UEFA Euro 2020,2021-06-17,Ukraine,North Macedonia,ukraine,macedonia,2,1,home,Group Stage,available,https://raw.githubusercontent.com/statsbomb/open-data/master/data/matches/55/43.json
3788759,UEFA Euro,2020,55,43,UEFA Euro 2020,2021-06-18,England,Scotland,england,scotland,0,0,draw,Group Stage,available,https://raw.githubusercontent.com/statsbomb/open-data/master/data/matches/55/43.json
3788760,UEFA Euro,2020,55,43,UEFA Euro 2020,2021-06-18,Croatia,Czech Republic,croatia,czech republic,1,1,draw,Group Stage,available,https://raw.githubusercontent.com/statsbomb/open-data/master/data/matches/55/43.json
3788761,UEFA Euro,2020,55,43,UEFA Euro 2020,2021-06-18,Sweden,Slovakia,sweden,slovakia,1,0,home,Group Stage,available,https://raw.githubusercontent.com/statsbomb/open-data/master/data/matches/55/43.json
3788762,UEFA Euro,2020,55,43,UEFA Euro 2020,2021-06-19,Spain,Poland,spain,poland,1,1,draw,Group Stage,available,https://raw.githubusercontent.com/statsbomb/open-data/master/data/matches/55/43.json
3788763,UEFA Euro,2020,55,43,UEFA Euro 2020,2021-06-19,Hungary,France,hungary,france,1,1,draw,Group Stage,available,https://raw.githubusercontent.com/statsbomb/open-data/master/data/matches/55/43.json
3788764,UEFA Euro,2020,55,43,UEFA Euro 2020,2021-06-19,Portugal,Germany,portugal,germany,2,4,away,Group Stage,available,https://raw.githubusercontent.com/statsbomb/open-data/master/data/matches/55/43.json
3788765,UEFA Euro,2020,55,43,UEFA Euro 2020,2021-06-20,Switzerland,Turkey,switzerland,turkey,3,1,home,Group Stage,available,https://raw.githubusercontent.com/statsbomb/open-data/master/data/matches/55/43.json
3788766,UEFA Euro,2020,55,43,UEFA Euro 2020,2021-06-20,Italy,Wales,italy,wales,1,0,home,Group Stage,available,https://raw.githubusercontent.com/statsbomb/open-data/master/data/matches/55/43.json
3788767,UEFA Euro,2020,55,43,UEFA Euro 2020,2021-06-21,Ukraine,Austria,ukraine,austria,0,1,away,Group Stage,available,https://raw.githubusercontent.com/statsbomb/open-data/master/data/matches/55/43.json
3788768,UEFA Euro,2020,55,43,UEFA Euro 2020,2021-06-21,Finland,Belgium,finland,belgium,0,2,away,Group Stage,available,https://raw.githubusercontent.com/statsbomb/open-data/master/data/matches/55/43.json
3788769,UEFA Euro,2020,55,43,UEFA Euro 2020,2021-06-21,Russia,Denmark,russia,denmark,1,4,away,Group Stage,available,https://raw.githubusercontent.com/statsbomb/open-data/master/data/matches/55/43.json
3788770,UEFA Euro,2020,55,43,UEFA Euro 2020,2021-06-21,North Macedonia,Netherlands,macedonia,netherlands,0,3,away,Group Stage,available,https://raw.githubusercontent.com/statsbomb/open-data/master/data/matches/55/43.json
3788771,UEFA Euro,2020,55,43,UEFA Euro 2020,2021-06-22,Croatia,Scotland,croatia,scotland,3,1,home,Group Stage,available,https://raw.githubusercontent.com/statsbomb/open-data/master/data/matches/55/43.json
3788772,UEFA Euro,2020,55,43,UEFA Euro 2020,2021-06-22,Czech Republic,England,czech republic,england,0,1,away,Group Stage,available,https://raw.githubusercontent.com/statsbomb/open-data/master/data/matches/55/43.json
3788773,UEFA Euro,2020,55,43,UEFA Euro 2020,2021-06-23,Portugal,France,portugal,france,2,2,draw,Group Stage,available,https://raw.githubusercontent.com/statsbomb/open-data/master/data/matches/55/43.json
3788774,UEFA Euro,2020,55,43,UEFA Euro 2020,2021-06-23,Germany,Hungary,germany,hungary,2,2,draw,Group Stage,available,https://raw.githubusercontent.com/statsbomb/open-data/master/data/matches/55/43.json
3788775,UEFA Euro,2020,55,43,UEFA Euro 2020,2021-06-23,Slovakia,Spain,slovakia,spain,0,5,away,Group Stage,available,https://raw.githubusercontent.com/statsbomb/open-data/master/data/matches/55/43.json
3788776,UEFA Euro,2020,55,43,UEFA Euro 2020,2021-06-23,Sweden,Poland,sweden,poland,3,2,home,Group Stage,available,https://raw.githubusercontent.com/statsbomb/open-data/master/data/matches/55/43.json
3794685,UEFA Euro,2020,55,43,UEFA Euro 2020,2021-06-26,Italy,Austria,italy,austria,2,1,home,Round of 16,available,https://raw.githubusercontent.com/statsbomb/open-data/master/data/matches/55/43.json
3794686,UEFA Euro,2020,55,43,UEFA Euro 2020,2021-06-28,Croatia,Spain,croatia,spain,3,5,away,Round of 16,available,https://raw.githubusercontent.com/statsbomb/open-data/master/data/matches/55/43.json
3794687,UEFA Euro,2020,55,43,UEFA Euro 2020,2021-06-27,Belgium,Portugal,belgium,portugal,1,0,home,Round of 16,available,https://raw.githubusercontent.com/statsbomb/open-data/master/data/matches/55/43.json
3794688,UEFA Euro,2020,55,43,UEFA Euro 2020,2021-06-29,England,Germany,england,germany,2,0,home,Round of 16,available,https://raw.githubusercontent.com/statsbomb/open-data/master/data/matches/55/43.json
3794689,UEFA Euro,2020,55,43,UEFA Euro 2020,2021-06-26,Wales,Denmark,wales,denmark,0,4,away,Round of 16,available,https://raw.githubusercontent.com/statsbomb/open-data/master/data/matches/55/43.json
3794690,UEFA Euro,2020,55,43,UEFA Euro 2020,2021-06-27,Netherlands,Czech Republic,netherlands,czech republic,0,2,away,Round of 16,available,https://raw.githubusercontent.com/statsbomb/open-data/master/data/matches/55/43.json
3794691,UEFA Euro,2020,55,43,UEFA Euro 2020,2021-06-28,France,Switzerland,france,switzerland,3,3,draw,Round of 16,available,https://raw.githubusercontent.com/statsbomb/open-data/master/data/matches/55/43.json
3794692,UEFA Euro,2020,55,43,UEFA Euro 2020,2021-06-29,Sweden,Ukraine,sweden,ukraine,1,2,away,Round of 16,available,https://raw.githubusercontent.com/statsbomb/open-data/master/data/matches/55/43.json
3795107,UEFA Euro,2020,55,43,UEFA Euro 2020,2021-07-02,Belgium,Italy,belgium,italy,1,2,away,Quarter-finals,available,https://raw.githubusercontent.com/statsbomb/open-data/master/data/matches/55/43.json
3795108,UEFA Euro,2020,55,43,UEFA Euro 2020,2021-07-02,Switzerland,Spain,switzerland,spain,1,1,draw,Quarter-finals,available,https://raw.githubusercontent.com/statsbomb/open-data/master/data/matches/55/43.json
3795109,UEFA Euro,2020,55,43,UEFA Euro 2020,2021-07-03,Czech Republic,Denmark,czech republic,denmark,1,2,away,Quarter-finals,available,https://raw.githubusercontent.com/statsbomb/open-data/master/data/matches/55/43.json
3795187,UEFA Euro,2020,55,43,UEFA Euro 2020,2021-07-03,Ukraine,England,ukraine,england,0,4,away,Quarter-finals,available,https://raw.githubusercontent.com/statsbomb/open-data/master/data/matches/55/43.json
3795220,UEFA Euro,2020,55,43,UEFA Euro 2020,2021-07-06,Italy,Spain,italy,spain,1,1,draw,Semi-finals,available,https://raw.githubusercontent.com/statsbomb/open-data/master/data/matches/55/43.json
3795221,UEFA Euro,2020,55,43,UEFA Euro 2020,2021-07-07,England,Denmark,england,denmark,2,1,home,Semi-finals,available,https://raw.githubusercontent.com/statsbomb/open-data/master/data/matches/55/43.json
3795506,UEFA Euro,2020,55,43,UEFA Euro 2020,2021-07-11,Italy,England,italy,england,1,1,draw,Final,available,https://raw.githubusercontent.com/statsbomb/open-data/master/data/matches/55/43.json
3930158,UEFA Euro,2024,55,282,UEFA Euro 2024,2024-06-14,Germany,Scotland,germany,scotland,5,1,home,Group Stage,available,https://raw.githubusercontent.com/statsbomb/open-data/master/data/matches/55/282.json
3930159,UEFA Euro,2024,55,282,UEFA Euro 2024,2024-06-15,Hungary,Switzerland,hungary,switzerland,1,3,away,Group Stage,available,https://raw.githubusercontent.com/statsbomb/open-data/master/data/matches/55/282.json
3930160,UEFA Euro,2024,55,282,UEFA Euro 2024,2024-06-15,Spain,Croatia,spain,croatia,3,0,home,Group Stage,available,https://raw.githubusercontent.com/statsbomb/open-data/master/data/matches/55/282.json
3930161,UEFA Euro,2024,55,282,UEFA Euro 2024,2024-06-15,Italy,Albania,italy,albania,2,1,home,Group Stage,available,https://raw.githubusercontent.com/statsbomb/open-data/master/data/matches/55/282.json
3930162,UEFA Euro,2024,55,282,UEFA Euro 2024,2024-06-16,Slovenia,Denmark,slovenia,denmark,1,1,draw,Group Stage,available,https://raw.githubusercontent.com/statsbomb/open-data/master/data/matches/55/282.json
3930163,UEFA Euro,2024,55,282,UEFA Euro 2024,2024-06-16,Serbia,England,serbia,england,0,1,away,Group Stage,available,https://raw.githubusercontent.com/statsbomb/open-data/master/data/matches/55/282.json
3930164,UEFA Euro,2024,55,282,UEFA Euro 2024,2024-06-17,Belgium,Slovakia,belgium,slovakia,0,1,away,Group Stage,available,https://raw.githubusercontent.com/statsbomb/open-data/master/data/matches/55/282.json
3930165,UEFA Euro,2024,55,282,UEFA Euro 2024,2024-06-17,Austria,France,austria,france,0,1,away,Group Stage,available,https://raw.githubusercontent.com/statsbomb/open-data/master/data/matches/55/282.json
3930166,UEFA Euro,2024,55,282,UEFA Euro 2024,2024-06-18,Portugal,Czech Republic,portugal,czech republic,2,1,home,Group Stage,available,https://raw.githubusercontent.com/statsbomb/open-data/master/data/matches/55/282.json
3930167,UEFA Euro,2024,55,282,UEFA Euro 2024,2024-06-19,Croatia,Albania,croatia,albania,2,2,draw,Group Stage,available,https://raw.githubusercontent.com/statsbomb/open-data/master/data/matches/55/282.json
3930168,UEFA Euro,2024,55,282,UEFA Euro 2024,2024-06-19,Germany,Hungary,germany,hungary,2,0,home,Group Stage,available,https://raw.githubusercontent.com/statsbomb/open-data/master/data/matches/55/282.json
3930169,UEFA Euro,2024,55,282,UEFA Euro 2024,2024-06-19,Scotland,Switzerland,scotland,switzerland,1,1,draw,Group Stage,available,https://raw.githubusercontent.com/statsbomb/open-data/master/data/matches/55/282.json
3930170,UEFA Euro,2024,55,282,UEFA Euro 2024,2024-06-20,Slovenia,Serbia,slovenia,serbia,1,1,draw,Group Stage,available,https://raw.githubusercontent.com/statsbomb/open-data/master/data/matches/55/282.json
3930171,UEFA Euro,2024,55,282,UEFA Euro 2024,2024-06-20,Denmark,England,denmark,england,1,1,draw,Group Stage,available,https://raw.githubusercontent.com/statsbomb/open-data/master/data/matches/55/282.json
3930172,UEFA Euro,2024,55,282,UEFA Euro 2024,2024-06-20,Spain,Italy,spain,italy,1,0,home,Group Stage,available,https://raw.githubusercontent.com/statsbomb/open-data/master/data/matches/55/282.json
3930173,UEFA Euro,2024,55,282,UEFA Euro 2024,2024-06-21,Netherlands,France,netherlands,france,0,0,draw,Group Stage,available,https://raw.githubusercontent.com/statsbomb/open-data/master/data/matches/55/282.json
3930174,UEFA Euro,2024,55,282,UEFA Euro 2024,2024-06-22,Turkey,Portugal,turkey,portugal,0,3,away,Group Stage,available,https://raw.githubusercontent.com/statsbomb/open-data/master/data/matches/55/282.json
3930175,UEFA Euro,2024,55,282,UEFA Euro 2024,2024-06-22,Belgium,Romania,belgium,romania,2,0,home,Group Stage,available,https://raw.githubusercontent.com/statsbomb/open-data/master/data/matches/55/282.json
3930176,UEFA Euro,2024,55,282,UEFA Euro 2024,2024-06-23,Switzerland,Germany,switzerland,germany,1,1,draw,Group Stage,available,https://raw.githubusercontent.com/statsbomb/open-data/master/data/matches/55/282.json
3930177,UEFA Euro,2024,55,282,UEFA Euro 2024,2024-06-23,Scotland,Hungary,scotland,hungary,0,1,away,Group Stage,available,https://raw.githubusercontent.com/statsbomb/open-data/master/data/matches/55/282.json
3930178,UEFA Euro,2024,55,282,UEFA Euro 2024,2024-06-24,Croatia,Italy,croatia,italy,1,1,draw,Group Stage,available,https://raw.githubusercontent.com/statsbomb/open-data/master/data/matches/55/282.json
3930179,UEFA Euro,2024,55,282,UEFA Euro 2024,2024-06-24,Albania,Spain,albania,spain,0,1,away,Group Stage,available,https://raw.githubusercontent.com/statsbomb/open-data/master/data/matches/55/282.json
3930180,UEFA Euro,2024,55,282,UEFA Euro 2024,2024-06-25,Netherlands,Austria,netherlands,austria,2,3,away,Group Stage,available,https://raw.githubusercontent.com/statsbomb/open-data/master/data/matches/55/282.json
3930181,UEFA Euro,2024,55,282,UEFA Euro 2024,2024-06-25,England,Slovenia,england,slovenia,0,0,draw,Group Stage,available,https://raw.githubusercontent.com/statsbomb/open-data/master/data/matches/55/282.json
3930182,UEFA Euro,2024,55,282,UEFA Euro 2024,2024-06-25,Denmark,Serbia,denmark,serbia,0,0,draw,Group Stage,available,https://raw.githubusercontent.com/statsbomb/open-data/master/data/matches/55/282.json
3930183,UEFA Euro,2024,55,282,UEFA Euro 2024,2024-06-26,Slovakia,Romania,slovakia,romania,1,1,draw,Group Stage,available,https://raw.githubusercontent.com/statsbomb/open-data/master/data/matches/55/282.json
3930184,UEFA Euro,2024,55,282,UEFA Euro 2024,2024-06-26,Czech Republic,Turkey,czech republic,turkey,1,2,away,Group Stage,available,https://raw.githubusercontent.com/statsbomb/open-data/master/data/matches/55/282.json
3938637,UEFA Euro,2024,55,282,UEFA Euro 2024,2024-06-16,Poland,Netherlands,poland,netherlands,1,2,away,Group Stage,available,https://raw.githubusercontent.com/statsbomb/open-data/master/data/matches/55/282.json
3938638,UEFA Euro,2024,55,282,UEFA Euro 2024,2024-06-17,Romania,Ukraine,romania,ukraine,3,0,home,Group Stage,available,https://raw.githubusercontent.com/statsbomb/open-data/master/data/matches/55/282.json
3938639,UEFA Euro,2024,55,282,UEFA Euro 2024,2024-06-18,Turkey,Georgia,turkey,georgia,3,1,home,Group Stage,available,https://raw.githubusercontent.com/statsbomb/open-data/master/data/matches/55/282.json
3938640,UEFA Euro,2024,55,282,UEFA Euro 2024,2024-06-21,Slovakia,Ukraine,slovakia,ukraine,1,2,away,Group Stage,available,https://raw.githubusercontent.com/statsbomb/open-data/master/data/matches/55/282.json
3938641,UEFA Euro,2024,55,282,UEFA Euro 2024,2024-06-21,Poland,Austria,poland,austria,1,3,away,Group Stage,available,https://raw.githubusercontent.com/statsbomb/open-data/master/data/matches/55/282.json
3938642,UEFA Euro,2024,55,282,UEFA Euro 2024,2024-06-22,Georgia,Czech Republic,georgia,czech republic,1,1,draw,Group Stage,available,https://raw.githubusercontent.com/statsbomb/open-data/master/data/matches/55/282.json
3938643,UEFA Euro,2024,55,282,UEFA Euro 2024,2024-06-25,France,Poland,france,poland,1,1,draw,Group Stage,available,https://raw.githubusercontent.com/statsbomb/open-data/master/data/matches/55/282.json
3938644,UEFA Euro,2024,55,282,UEFA Euro 2024,2024-06-26,Georgia,Portugal,georgia,portugal,2,0,home,Group Stage,available,https://raw.githubusercontent.com/statsbomb/open-data/master/data/matches/55/282.json
3938645,UEFA Euro,2024,55,282,UEFA Euro 2024,2024-06-26,Ukraine,Belgium,ukraine,belgium,0,0,draw,Group Stage,available,https://raw.githubusercontent.com/statsbomb/open-data/master/data/matches/55/282.json
3940878,UEFA Euro,2024,55,282,UEFA Euro 2024,2024-06-29,Switzerland,Italy,switzerland,italy,2,0,home,Round of 16,available,https://raw.githubusercontent.com/statsbomb/open-data/master/data/matches/55/282.json
3940983,UEFA Euro,2024,55,282,UEFA Euro 2024,2024-06-29,Germany,Denmark,germany,denmark,2,0,home,Round of 16,available,https://raw.githubusercontent.com/statsbomb/open-data/master/data/matches/55/282.json
3941017,UEFA Euro,2024,55,282,UEFA Euro 2024,2024-06-30,England,Slovakia,england,slovakia,2,1,home,Round of 16,available,https://raw.githubusercontent.com/statsbomb/open-data/master/data/matches/55/282.json
3941018,UEFA Euro,2024,55,282,UEFA Euro 2024,2024-06-30,Spain,Georgia,spain,georgia,4,1,home,Round of 16,available,https://raw.githubusercontent.com/statsbomb/open-data/master/data/matches/55/282.json
3941019,UEFA Euro,2024,55,282,UEFA Euro 2024,2024-07-01,France,Belgium,france,belgium,1,0,home,Round of 16,available,https://raw.githubusercontent.com/statsbomb/open-data/master/data/matches/55/282.json
3941020,UEFA Euro,2024,55,282,UEFA Euro 2024,2024-07-01,Portugal,Slovenia,portugal,slovenia,0,0,draw,Round of 16,available,https://raw.githubusercontent.com/statsbomb/open-data/master/data/matches/55/282.json
3941021,UEFA Euro,2024,55,282,UEFA Euro 2024,2024-07-02,Romania,Netherlands,romania,netherlands,0,3,away,Round of 16,available,https://raw.githubusercontent.com/statsbomb/open-data/master/data/matches/55/282.json
3941022,UEFA Euro,2024,55,282,UEFA Euro 2024,2024-07-02,Austria,Turkey,austria,turkey,1,2,away,Round of 16,available,https://raw.githubusercontent.com/statsbomb/open-data/master/data/matches/55/282.json
3942226,UEFA Euro,2024,55,282,UEFA Euro 2024,2024-07-05,Spain,Germany,spain,germany,2,1,home,Quarter-finals,available,https://raw.githubusercontent.com/statsbomb/open-data/master/data/matches/55/282.json
3942227,UEFA Euro,2024,55,282,UEFA Euro 2024,2024-07-06,England,Switzerland,england,switzerland,1,1,draw,Quarter-finals,available,https://raw.githubusercontent.com/statsbomb/open-data/master/data/matches/55/282.json
3942349,UEFA Euro,2024,55,282,UEFA Euro 2024,2024-07-05,Portugal,France,portugal,france,0,0,draw,Quarter-finals,available,https://raw.githubusercontent.com/statsbomb/open-data/master/data/matches/55/282.json
3942382,UEFA Euro,2024,55,282,UEFA Euro 2024,2024-07-06,Netherlands,Turkey,netherlands,turkey,2,1,home,Quarter-finals,available,https://raw.githubusercontent.com/statsbomb/open-data/master/data/matches/55/282.json
3942752,UEFA Euro,2024,55,282,UEFA Euro 2024,2024-07-09,Spain,France,spain,france,2,1,home,Semi-finals,available,https://raw.githubusercontent.com/statsbomb/open-data/master/data/matches/55/282.json
3942819,UEFA Euro,2024,55,282,UEFA Euro 2024,2024-07-10,Netherlands,England,netherlands,england,1,2,away,Semi-finals,available,https://raw.githubusercontent.com/statsbomb/open-data/master/data/matches/55/282.json
3943043,UEFA Euro,2024,55,282,UEFA Euro 2024,2024-07-14,Spain,England,spain,england,2,1,home,Final,available,https://raw.githubusercontent.com/statsbomb/open-data/master/data/matches/55/282.json
