match_id,model_version,prediction_timestamp,source_snapshot_timestamp,kickoff_utc,approval_status,row_index,valid,reasons
2026_G_0621_BelIra,M1_B1,2026-06-21T18:08:27.495003+00:00,2026-06-21T18:06:34.773477+00:00,2026-06-21T19:00:00+00:00,approved,0,True,
2026_G_0621_BelIra,M2_market,2026-06-21T18:08:27.495003+00:00,2026-06-21T18:06:34.773477+00:00,2026-06-21T19:00:00+00:00,shadow,1,True,
2026_G_0621_BelIra,M3_75_25,2026-06-21T18:08:27.495003+00:00,2026-06-21T18:06:34.773477+00:00,2026-06-21T19:00:00+00:00,shadow,2,True,
2026_G_0621_BelIra,M4_50_50,2026-06-21T18:08:27.495003+00:00,2026-06-21T18:06:34.773477+00:00,2026-06-21T19:00:00+00:00,shadow,3,True,
2026_G_0621_BelIra,M5_25_75,2026-06-21T18:08:27.495003+00:00,2026-06-21T18:06:34.773477+00:00,2026-06-21T19:00:00+00:00,shadow,4,True,
2026_H_0621_UruCap,M1_B1,2026-06-21T18:08:27.495003+00:00,2026-06-21T18:06:34.773477+00:00,2026-06-21T22:00:00+00:00,approved,5,True,
2026_H_0621_UruCap,M2_market,2026-06-21T18:08:27.495003+00:00,2026-06-21T18:06:34.773477+00:00,2026-06-21T22:00:00+00:00,shadow,6,True,
2026_H_0621_UruCap,M3_75_25,2026-06-21T18:08:27.495003+00:00,2026-06-21T18:06:34.773477+00:00,2026-06-21T22:00:00+00:00,shadow,7,True,
2026_H_0621_UruCap,M4_50_50,2026-06-21T18:08:27.495003+00:00,2026-06-21T18:06:34.773477+00:00,2026-06-21T22:00:00+00:00,shadow,8,True,
2026_H_0621_UruCap,M5_25_75,2026-06-21T18:08:27.495003+00:00,2026-06-21T18:06:34.773477+00:00,2026-06-21T22:00:00+00:00,shadow,9,True,
2026_G_0622_NewEgy,M1_B1,2026-06-21T18:08:27.495003+00:00,2026-06-21T18:06:34.773477+00:00,2026-06-22T01:00:00+00:00,approved,10,True,
2026_G_0622_NewEgy,M2_market,2026-06-21T18:08:27.495003+00:00,2026-06-21T18:06:34.773477+00:00,2026-06-22T01:00:00+00:00,shadow,11,True,
2026_G_0622_NewEgy,M3_75_25,2026-06-21T18:08:27.495003+00:00,2026-06-21T18:06:34.773477+00:00,2026-06-22T01:00:00+00:00,shadow,12,True,
2026_G_0622_NewEgy,M4_50_50,2026-06-21T18:08:27.495003+00:00,2026-06-21T18:06:34.773477+00:00,2026-06-22T01:00:00+00:00,shadow,13,True,
2026_G_0622_NewEgy,M5_25_75,2026-06-21T18:08:27.495003+00:00,2026-06-21T18:06:34.773477+00:00,2026-06-22T01:00:00+00:00,shadow,14,True,
2026_J_0622_ArgAus,M1_B1,2026-06-21T18:08:27.495003+00:00,2026-06-21T18:06:34.773477+00:00,2026-06-22T17:00:00+00:00,approved,15,True,
2026_J_0622_ArgAus,M2_market,2026-06-21T18:08:27.495003+00:00,2026-06-21T18:06:34.773477+00:00,2026-06-22T17:00:00+00:00,shadow,16,True,
2026_J_0622_ArgAus,M3_75_25,2026-06-21T18:08:27.495003+00:00,2026-06-21T18:06:34.773477+00:00,2026-06-22T17:00:00+00:00,shadow,17,True,
2026_J_0622_ArgAus,M4_50_50,2026-06-21T18:08:27.495003+00:00,2026-06-21T18:06:34.773477+00:00,2026-06-22T17:00:00+00:00,shadow,18,True,
2026_J_0622_ArgAus,M5_25_75,2026-06-21T18:08:27.495003+00:00,2026-06-21T18:06:34.773477+00:00,2026-06-22T17:00:00+00:00,shadow,19,True,
2026_I_0622_FraIra,M1_B1,2026-06-21T18:08:27.495003+00:00,2026-06-21T18:06:34.773477+00:00,2026-06-22T21:00:00+00:00,approved,20,True,
2026_I_0622_FraIra,M2_market,2026-06-21T18:08:27.495003+00:00,2026-06-21T18:06:34.773477+00:00,2026-06-22T21:00:00+00:00,shadow,21,True,
2026_I_0622_FraIra,M3_75_25,2026-06-21T18:08:27.495003+00:00,2026-06-21T18:06:34.773477+00:00,2026-06-22T21:00:00+00:00,shadow,22,True,
2026_I_0622_FraIra,M4_50_50,2026-06-21T18:08:27.495003+00:00,2026-06-21T18:06:34.773477+00:00,2026-06-22T21:00:00+00:00,shadow,23,True,
2026_I_0622_FraIra,M5_25_75,2026-06-21T18:08:27.495003+00:00,2026-06-21T18:06:34.773477+00:00,2026-06-22T21:00:00+00:00,shadow,24,True,
2026_I_0623_NorSen,M1_B1,2026-06-21T18:08:27.495003+00:00,2026-06-21T18:06:34.773477+00:00,2026-06-23T00:00:00+00:00,approved,25,True,
2026_I_0623_NorSen,M2_market,2026-06-21T18:08:27.495003+00:00,2026-06-21T18:06:34.773477+00:00,2026-06-23T00:00:00+00:00,shadow,26,True,
2026_I_0623_NorSen,M3_75_25,2026-06-21T18:08:27.495003+00:00,2026-06-21T18:06:34.773477+00:00,2026-06-23T00:00:00+00:00,shadow,27,True,
2026_I_0623_NorSen,M4_50_50,2026-06-21T18:08:27.495003+00:00,2026-06-21T18:06:34.773477+00:00,2026-06-23T00:00:00+00:00,shadow,28,True,
2026_I_0623_NorSen,M5_25_75,2026-06-21T18:08:27.495003+00:00,2026-06-21T18:06:34.773477+00:00,2026-06-23T00:00:00+00:00,shadow,29,True,
2026_J_0623_JorAlg,M1_B1,2026-06-21T18:08:27.495003+00:00,2026-06-21T18:06:34.773477+00:00,2026-06-23T03:00:00+00:00,approved,30,True,
2026_J_0623_JorAlg,M2_market,2026-06-21T18:08:27.495003+00:00,2026-06-21T18:06:34.773477+00:00,2026-06-23T03:00:00+00:00,shadow,31,True,
2026_J_0623_JorAlg,M3_75_25,2026-06-21T18:08:27.495003+00:00,2026-06-21T18:06:34.773477+00:00,2026-06-23T03:00:00+00:00,shadow,32,True,
2026_J_0623_JorAlg,M4_50_50,2026-06-21T18:08:27.495003+00:00,2026-06-21T18:06:34.773477+00:00,2026-06-23T03:00:00+00:00,shadow,33,True,
2026_J_0623_JorAlg,M5_25_75,2026-06-21T18:08:27.495003+00:00,2026-06-21T18:06:34.773477+00:00,2026-06-23T03:00:00+00:00,shadow,34,True,
2026_K_0623_PorUzb,M1_B1,2026-06-21T18:08:27.495003+00:00,2026-06-21T18:06:34.773477+00:00,2026-06-23T17:00:00+00:00,approved,35,True,
2026_K_0623_PorUzb,M2_market,2026-06-21T18:08:27.495003+00:00,2026-06-21T18:06:34.773477+00:00,2026-06-23T17:00:00+00:00,shadow,36,True,
2026_K_0623_PorUzb,M3_75_25,2026-06-21T18:08:27.495003+00:00,2026-06-21T18:06:34.773477+00:00,2026-06-23T17:00:00+00:00,shadow,37,True,
2026_K_0623_PorUzb,M4_50_50,2026-06-21T18:08:27.495003+00:00,2026-06-21T18:06:34.773477+00:00,2026-06-23T17:00:00+00:00,shadow,38,True,
2026_K_0623_PorUzb,M5_25_75,2026-06-21T18:08:27.495003+00:00,2026-06-21T18:06:34.773477+00:00,2026-06-23T17:00:00+00:00,shadow,39,True,
2026_L_0623_EngGha,M1_B1,2026-06-21T18:08:27.495003+00:00,2026-06-21T18:06:34.773477+00:00,2026-06-23T20:00:00+00:00,approved,40,True,
2026_L_0623_EngGha,M2_market,2026-06-21T18:08:27.495003+00:00,2026-06-21T18:06:34.773477+00:00,2026-06-23T20:00:00+00:00,shadow,41,True,
2026_L_0623_EngGha,M3_75_25,2026-06-21T18:08:27.495003+00:00,2026-06-21T18:06:34.773477+00:00,2026-06-23T20:00:00+00:00,shadow,42,True,
2026_L_0623_EngGha,M4_50_50,2026-06-21T18:08:27.495003+00:00,2026-06-21T18:06:34.773477+00:00,2026-06-23T20:00:00+00:00,shadow,43,True,
2026_L_0623_EngGha,M5_25_75,2026-06-21T18:08:27.495003+00:00,2026-06-21T18:06:34.773477+00:00,2026-06-23T20:00:00+00:00,shadow,44,True,
2026_L_0623_PanCro,M1_B1,2026-06-21T18:08:27.495003+00:00,2026-06-21T18:06:34.773477+00:00,2026-06-23T23:00:00+00:00,approved,45,True,
2026_L_0623_PanCro,M2_market,2026-06-21T18:08:27.495003+00:00,2026-06-21T18:06:34.773477+00:00,2026-06-23T23:00:00+00:00,shadow,46,True,
2026_L_0623_PanCro,M3_75_25,2026-06-21T18:08:27.495003+00:00,2026-06-21T18:06:34.773477+00:00,2026-06-23T23:00:00+00:00,shadow,47,True,
2026_L_0623_PanCro,M4_50_50,2026-06-21T18:08:27.495003+00:00,2026-06-21T18:06:34.773477+00:00,2026-06-23T23:00:00+00:00,shadow,48,True,
2026_L_0623_PanCro,M5_25_75,2026-06-21T18:08:27.495003+00:00,2026-06-21T18:06:34.773477+00:00,2026-06-23T23:00:00+00:00,shadow,49,True,
2026_K_0624_ColCon,M1_B1,2026-06-21T18:08:27.495003+00:00,2026-06-21T18:06:34.773477+00:00,2026-06-24T02:00:00+00:00,approved,50,True,
2026_K_0624_ColCon,M2_market,2026-06-21T18:08:27.495003+00:00,2026-06-21T18:06:34.773477+00:00,2026-06-24T02:00:00+00:00,shadow,51,True,
2026_K_0624_ColCon,M3_75_25,2026-06-21T18:08:27.495003+00:00,2026-06-21T18:06:34.773477+00:00,2026-06-24T02:00:00+00:00,shadow,52,True,
2026_K_0624_ColCon,M4_50_50,2026-06-21T18:08:27.495003+00:00,2026-06-21T18:06:34.773477+00:00,2026-06-24T02:00:00+00:00,shadow,53,True,
2026_K_0624_ColCon,M5_25_75,2026-06-21T18:08:27.495003+00:00,2026-06-21T18:06:34.773477+00:00,2026-06-24T02:00:00+00:00,shadow,54,True,
2026_B_0624_BosQat,M1_B1,2026-06-21T18:08:27.495003+00:00,2026-06-21T18:06:34.773477+00:00,2026-06-24T19:00:00+00:00,approved,55,True,
2026_B_0624_SwiCan,M1_B1,2026-06-21T18:08:27.495003+00:00,2026-06-21T18:06:34.773477+00:00,2026-06-24T19:00:00+00:00,approved,56,True,
2026_B_0624_SwiCan,M2_market,2026-06-21T18:08:27.495003+00:00,2026-06-21T18:06:34.773477+00:00,2026-06-24T19:00:00+00:00,shadow,57,True,
2026_B_0624_SwiCan,M3_75_25,2026-06-21T18:08:27.495003+00:00,2026-06-21T18:06:34.773477+00:00,2026-06-24T19:00:00+00:00,shadow,58,True,
2026_B_0624_SwiCan,M4_50_50,2026-06-21T18:08:27.495003+00:00,2026-06-21T18:06:34.773477+00:00,2026-06-24T19:00:00+00:00,shadow,59,True,
2026_B_0624_SwiCan,M5_25_75,2026-06-21T18:08:27.495003+00:00,2026-06-21T18:06:34.773477+00:00,2026-06-24T19:00:00+00:00,shadow,60,True,
2026_C_0624_MorHai,M1_B1,2026-06-21T18:08:27.495003+00:00,2026-06-21T18:06:34.773477+00:00,2026-06-24T22:00:00+00:00,approved,61,True,
2026_C_0624_MorHai,M2_market,2026-06-21T18:08:27.495003+00:00,2026-06-21T18:06:34.773477+00:00,2026-06-24T22:00:00+00:00,shadow,62,True,
2026_C_0624_MorHai,M3_75_25,2026-06-21T18:08:27.495003+00:00,2026-06-21T18:06:34.773477+00:00,2026-06-24T22:00:00+00:00,shadow,63,True,
2026_C_0624_MorHai,M4_50_50,2026-06-21T18:08:27.495003+00:00,2026-06-21T18:06:34.773477+00:00,2026-06-24T22:00:00+00:00,shadow,64,True,
2026_C_0624_MorHai,M5_25_75,2026-06-21T18:08:27.495003+00:00,2026-06-21T18:06:34.773477+00:00,2026-06-24T22:00:00+00:00,shadow,65,True,
2026_C_0624_ScoBra,M1_B1,2026-06-21T18:08:27.495003+00:00,2026-06-21T18:06:34.773477+00:00,2026-06-24T22:00:00+00:00,approved,66,True,
2026_C_0624_ScoBra,M2_market,2026-06-21T18:08:27.495003+00:00,2026-06-21T18:06:34.773477+00:00,2026-06-24T22:00:00+00:00,shadow,67,True,
2026_C_0624_ScoBra,M3_75_25,2026-06-21T18:08:27.495003+00:00,2026-06-21T18:06:34.773477+00:00,2026-06-24T22:00:00+00:00,shadow,68,True,
2026_C_0624_ScoBra,M4_50_50,2026-06-21T18:08:27.495003+00:00,2026-06-21T18:06:34.773477+00:00,2026-06-24T22:00:00+00:00,shadow,69,True,
2026_C_0624_ScoBra,M5_25_75,2026-06-21T18:08:27.495003+00:00,2026-06-21T18:06:34.773477+00:00,2026-06-24T22:00:00+00:00,shadow,70,True,
2026_A_0625_CzeMex,M1_B1,2026-06-21T18:08:27.495003+00:00,2026-06-21T18:06:34.773477+00:00,2026-06-25T01:00:00+00:00,approved,71,True,
2026_A_0625_CzeMex,M2_market,2026-06-21T18:08:27.495003+00:00,2026-06-21T18:06:34.773477+00:00,2026-06-25T01:00:00+00:00,shadow,72,True,
2026_A_0625_CzeMex,M3_75_25,2026-06-21T18:08:27.495003+00:00,2026-06-21T18:06:34.773477+00:00,2026-06-25T01:00:00+00:00,shadow,73,True,
2026_A_0625_CzeMex,M4_50_50,2026-06-21T18:08:27.495003+00:00,2026-06-21T18:06:34.773477+00:00,2026-06-25T01:00:00+00:00,shadow,74,True,
2026_A_0625_CzeMex,M5_25_75,2026-06-21T18:08:27.495003+00:00,2026-06-21T18:06:34.773477+00:00,2026-06-25T01:00:00+00:00,shadow,75,True,
2026_A_0625_SouKor,M1_B1,2026-06-21T18:08:27.495003+00:00,2026-06-21T18:06:34.773477+00:00,2026-06-25T01:00:00+00:00,approved,76,True,
2026_A_0625_SouKor,M2_market,2026-06-21T18:08:27.495003+00:00,2026-06-21T18:06:34.773477+00:00,2026-06-25T01:00:00+00:00,shadow,77,True,
2026_A_0625_SouKor,M3_75_25,2026-06-21T18:08:27.495003+00:00,2026-06-21T18:06:34.773477+00:00,2026-06-25T01:00:00+00:00,shadow,78,True,
2026_A_0625_SouKor,M4_50_50,2026-06-21T18:08:27.495003+00:00,2026-06-21T18:06:34.773477+00:00,2026-06-25T01:00:00+00:00,shadow,79,True,
2026_A_0625_SouKor,M5_25_75,2026-06-21T18:08:27.495003+00:00,2026-06-21T18:06:34.773477+00:00,2026-06-25T01:00:00+00:00,shadow,80,True,
2026_E_0625_CurIvo,M1_B1,2026-06-21T18:08:27.495003+00:00,2026-06-21T18:06:34.773477+00:00,2026-06-25T20:00:00+00:00,approved,81,True,
2026_E_0625_CurIvo,M2_market,2026-06-21T18:08:27.495003+00:00,2026-06-21T18:06:34.773477+00:00,2026-06-25T20:00:00+00:00,shadow,82,True,
2026_E_0625_CurIvo,M3_75_25,2026-06-21T18:08:27.495003+00:00,2026-06-21T18:06:34.773477+00:00,2026-06-25T20:00:00+00:00,shadow,83,True,
2026_E_0625_CurIvo,M4_50_50,2026-06-21T18:08:27.495003+00:00,2026-06-21T18:06:34.773477+00:00,2026-06-25T20:00:00+00:00,shadow,84,True,
2026_E_0625_CurIvo,M5_25_75,2026-06-21T18:08:27.495003+00:00,2026-06-21T18:06:34.773477+00:00,2026-06-25T20:00:00+00:00,shadow,85,True,
2026_E_0625_EcuGer,M1_B1,2026-06-21T18:08:27.495003+00:00,2026-06-21T18:06:34.773477+00:00,2026-06-25T20:00:00+00:00,approved,86,True,
2026_E_0625_EcuGer,M2_market,2026-06-21T18:08:27.495003+00:00,2026-06-21T18:06:34.773477+00:00,2026-06-25T20:00:00+00:00,shadow,87,True,
2026_E_0625_EcuGer,M3_75_25,2026-06-21T18:08:27.495003+00:00,2026-06-21T18:06:34.773477+00:00,2026-06-25T20:00:00+00:00,shadow,88,True,
2026_E_0625_EcuGer,M4_50_50,2026-06-21T18:08:27.495003+00:00,2026-06-21T18:06:34.773477+00:00,2026-06-25T20:00:00+00:00,shadow,89,True,
2026_E_0625_EcuGer,M5_25_75,2026-06-21T18:08:27.495003+00:00,2026-06-21T18:06:34.773477+00:00,2026-06-25T20:00:00+00:00,shadow,90,True,
2026_F_0625_JapSwe,M1_B1,2026-06-21T18:08:27.495003+00:00,2026-06-21T18:06:34.773477+00:00,2026-06-25T23:00:00+00:00,approved,91,True,
2026_F_0625_JapSwe,M2_market,2026-06-21T18:08:27.495003+00:00,2026-06-21T18:06:34.773477+00:00,2026-06-25T23:00:00+00:00,shadow,92,True,
2026_F_0625_JapSwe,M3_75_25,2026-06-21T18:08:27.495003+00:00,2026-06-21T18:06:34.773477+00:00,2026-06-25T23:00:00+00:00,shadow,93,True,
2026_F_0625_JapSwe,M4_50_50,2026-06-21T18:08:27.495003+00:00,2026-06-21T18:06:34.773477+00:00,2026-06-25T23:00:00+00:00,shadow,94,True,
2026_F_0625_JapSwe,M5_25_75,2026-06-21T18:08:27.495003+00:00,2026-06-21T18:06:34.773477+00:00,2026-06-25T23:00:00+00:00,shadow,95,True,
2026_F_0625_TunNet,M1_B1,2026-06-21T18:08:27.495003+00:00,2026-06-21T18:06:34.773477+00:00,2026-06-25T23:00:00+00:00,approved,96,True,
2026_F_0625_TunNet,M2_market,2026-06-21T18:08:27.495003+00:00,2026-06-21T18:06:34.773477+00:00,2026-06-25T23:00:00+00:00,shadow,97,True,
2026_F_0625_TunNet,M3_75_25,2026-06-21T18:08:27.495003+00:00,2026-06-21T18:06:34.773477+00:00,2026-06-25T23:00:00+00:00,shadow,98,True,
2026_F_0625_TunNet,M4_50_50,2026-06-21T18:08:27.495003+00:00,2026-06-21T18:06:34.773477+00:00,2026-06-25T23:00:00+00:00,shadow,99,True,
2026_F_0625_TunNet,M5_25_75,2026-06-21T18:08:27.495003+00:00,2026-06-21T18:06:34.773477+00:00,2026-06-25T23:00:00+00:00,shadow,100,True,
2026_D_0626_ParAus,M1_B1,2026-06-21T18:08:27.495003+00:00,2026-06-21T18:06:34.773477+00:00,2026-06-26T02:00:00+00:00,approved,101,True,
2026_D_0626_ParAus,M2_market,2026-06-21T18:08:27.495003+00:00,2026-06-21T18:06:34.773477+00:00,2026-06-26T02:00:00+00:00,shadow,102,True,
2026_D_0626_ParAus,M3_75_25,2026-06-21T18:08:27.495003+00:00,2026-06-21T18:06:34.773477+00:00,2026-06-26T02:00:00+00:00,shadow,103,True,
2026_D_0626_ParAus,M4_50_50,2026-06-21T18:08:27.495003+00:00,2026-06-21T18:06:34.773477+00:00,2026-06-26T02:00:00+00:00,shadow,104,True,
2026_D_0626_ParAus,M5_25_75,2026-06-21T18:08:27.495003+00:00,2026-06-21T18:06:34.773477+00:00,2026-06-26T02:00:00+00:00,shadow,105,True,
2026_D_0626_TurUni,M1_B1,2026-06-21T18:08:27.495003+00:00,2026-06-21T18:06:34.773477+00:00,2026-06-26T02:00:00+00:00,approved,106,True,
2026_D_0626_TurUni,M2_market,2026-06-21T18:08:27.495003+00:00,2026-06-21T18:06:34.773477+00:00,2026-06-26T02:00:00+00:00,shadow,107,True,
2026_D_0626_TurUni,M3_75_25,2026-06-21T18:08:27.495003+00:00,2026-06-21T18:06:34.773477+00:00,2026-06-26T02:00:00+00:00,shadow,108,True,
2026_D_0626_TurUni,M4_50_50,2026-06-21T18:08:27.495003+00:00,2026-06-21T18:06:34.773477+00:00,2026-06-26T02:00:00+00:00,shadow,109,True,
2026_D_0626_TurUni,M5_25_75,2026-06-21T18:08:27.495003+00:00,2026-06-21T18:06:34.773477+00:00,2026-06-26T02:00:00+00:00,shadow,110,True,
2026_I_0626_NorFra,M1_B1,2026-06-21T18:08:27.495003+00:00,2026-06-21T18:06:34.773477+00:00,2026-06-26T19:00:00+00:00,approved,111,True,
2026_I_0626_NorFra,M2_market,2026-06-21T18:08:27.495003+00:00,2026-06-21T18:06:34.773477+00:00,2026-06-26T19:00:00+00:00,shadow,112,True,
2026_I_0626_NorFra,M3_75_25,2026-06-21T18:08:27.495003+00:00,2026-06-21T18:06:34.773477+00:00,2026-06-26T19:00:00+00:00,shadow,113,True,
2026_I_0626_NorFra,M4_50_50,2026-06-21T18:08:27.495003+00:00,2026-06-21T18:06:34.773477+00:00,2026-06-26T19:00:00+00:00,shadow,114,True,
2026_I_0626_NorFra,M5_25_75,2026-06-21T18:08:27.495003+00:00,2026-06-21T18:06:34.773477+00:00,2026-06-26T19:00:00+00:00,shadow,115,True,
2026_I_0626_SenIra,M1_B1,2026-06-21T18:08:27.495003+00:00,2026-06-21T18:06:34.773477+00:00,2026-06-26T19:00:00+00:00,approved,116,True,
2026_I_0626_SenIra,M2_market,2026-06-21T18:08:27.495003+00:00,2026-06-21T18:06:34.773477+00:00,2026-06-26T19:00:00+00:00,shadow,117,True,
2026_I_0626_SenIra,M3_75_25,2026-06-21T18:08:27.495003+00:00,2026-06-21T18:06:34.773477+00:00,2026-06-26T19:00:00+00:00,shadow,118,True,
2026_I_0626_SenIra,M4_50_50,2026-06-21T18:08:27.495003+00:00,2026-06-21T18:06:34.773477+00:00,2026-06-26T19:00:00+00:00,shadow,119,True,
2026_I_0626_SenIra,M5_25_75,2026-06-21T18:08:27.495003+00:00,2026-06-21T18:06:34.773477+00:00,2026-06-26T19:00:00+00:00,shadow,120,True,
2026_H_0627_CapSau,M1_B1,2026-06-21T18:08:27.495003+00:00,2026-06-21T18:06:34.773477+00:00,2026-06-27T00:00:00+00:00,approved,121,True,
2026_H_0627_CapSau,M2_market,2026-06-21T18:08:27.495003+00:00,2026-06-21T18:06:34.773477+00:00,2026-06-27T00:00:00+00:00,shadow,122,True,
2026_H_0627_CapSau,M3_75_25,2026-06-21T18:08:27.495003+00:00,2026-06-21T18:06:34.773477+00:00,2026-06-27T00:00:00+00:00,shadow,123,True,
2026_H_0627_CapSau,M4_50_50,2026-06-21T18:08:27.495003+00:00,2026-06-21T18:06:34.773477+00:00,2026-06-27T00:00:00+00:00,shadow,124,True,
2026_H_0627_CapSau,M5_25_75,2026-06-21T18:08:27.495003+00:00,2026-06-21T18:06:34.773477+00:00,2026-06-27T00:00:00+00:00,shadow,125,True,
2026_H_0627_UruSpa,M1_B1,2026-06-21T18:08:27.495003+00:00,2026-06-21T18:06:34.773477+00:00,2026-06-27T00:00:00+00:00,approved,126,True,
2026_H_0627_UruSpa,M2_market,2026-06-21T18:08:27.495003+00:00,2026-06-21T18:06:34.773477+00:00,2026-06-27T00:00:00+00:00,shadow,127,True,
2026_H_0627_UruSpa,M3_75_25,2026-06-21T18:08:27.495003+00:00,2026-06-21T18:06:34.773477+00:00,2026-06-27T00:00:00+00:00,shadow,128,True,
2026_H_0627_UruSpa,M4_50_50,2026-06-21T18:08:27.495003+00:00,2026-06-21T18:06:34.773477+00:00,2026-06-27T00:00:00+00:00,shadow,129,True,
2026_H_0627_UruSpa,M5_25_75,2026-06-21T18:08:27.495003+00:00,2026-06-21T18:06:34.773477+00:00,2026-06-27T00:00:00+00:00,shadow,130,True,
2026_G_0627_EgyIra,M1_B1,2026-06-21T18:08:27.495003+00:00,2026-06-21T18:06:34.773477+00:00,2026-06-27T03:00:00+00:00,approved,131,True,
2026_G_0627_EgyIra,M2_market,2026-06-21T18:08:27.495003+00:00,2026-06-21T18:06:34.773477+00:00,2026-06-27T03:00:00+00:00,shadow,132,True,
2026_G_0627_EgyIra,M3_75_25,2026-06-21T18:08:27.495003+00:00,2026-06-21T18:06:34.773477+00:00,2026-06-27T03:00:00+00:00,shadow,133,True,
2026_G_0627_EgyIra,M4_50_50,2026-06-21T18:08:27.495003+00:00,2026-06-21T18:06:34.773477+00:00,2026-06-27T03:00:00+00:00,shadow,134,True,
2026_G_0627_EgyIra,M5_25_75,2026-06-21T18:08:27.495003+00:00,2026-06-21T18:06:34.773477+00:00,2026-06-27T03:00:00+00:00,shadow,135,True,
2026_G_0627_NewBel,M1_B1,2026-06-21T18:08:27.495003+00:00,2026-06-21T18:06:34.773477+00:00,2026-06-27T03:00:00+00:00,approved,136,True,
2026_G_0627_NewBel,M2_market,2026-06-21T18:08:27.495003+00:00,2026-06-21T18:06:34.773477+00:00,2026-06-27T03:00:00+00:00,shadow,137,True,
2026_G_0627_NewBel,M3_75_25,2026-06-21T18:08:27.495003+00:00,2026-06-21T18:06:34.773477+00:00,2026-06-27T03:00:00+00:00,shadow,138,True,
2026_G_0627_NewBel,M4_50_50,2026-06-21T18:08:27.495003+00:00,2026-06-21T18:06:34.773477+00:00,2026-06-27T03:00:00+00:00,shadow,139,True,
2026_G_0627_NewBel,M5_25_75,2026-06-21T18:08:27.495003+00:00,2026-06-21T18:06:34.773477+00:00,2026-06-27T03:00:00+00:00,shadow,140,True,
2026_L_0627_CroGha,M1_B1,2026-06-21T18:08:27.495003+00:00,2026-06-21T18:06:34.773477+00:00,2026-06-27T21:00:00+00:00,approved,141,True,
2026_L_0627_CroGha,M2_market,2026-06-21T18:08:27.495003+00:00,2026-06-21T18:06:34.773477+00:00,2026-06-27T21:00:00+00:00,shadow,142,True,
2026_L_0627_CroGha,M3_75_25,2026-06-21T18:08:27.495003+00:00,2026-06-21T18:06:34.773477+00:00,2026-06-27T21:00:00+00:00,shadow,143,True,
2026_L_0627_CroGha,M4_50_50,2026-06-21T18:08:27.495003+00:00,2026-06-21T18:06:34.773477+00:00,2026-06-27T21:00:00+00:00,shadow,144,True,
2026_L_0627_CroGha,M5_25_75,2026-06-21T18:08:27.495003+00:00,2026-06-21T18:06:34.773477+00:00,2026-06-27T21:00:00+00:00,shadow,145,True,
2026_L_0627_PanEng,M1_B1,2026-06-21T18:08:27.495003+00:00,2026-06-21T18:06:34.773477+00:00,2026-06-27T21:00:00+00:00,approved,146,True,
2026_L_0627_PanEng,M2_market,2026-06-21T18:08:27.495003+00:00,2026-06-21T18:06:34.773477+00:00,2026-06-27T21:00:00+00:00,shadow,147,True,
2026_L_0627_PanEng,M3_75_25,2026-06-21T18:08:27.495003+00:00,2026-06-21T18:06:34.773477+00:00,2026-06-27T21:00:00+00:00,shadow,148,True,
2026_L_0627_PanEng,M4_50_50,2026-06-21T18:08:27.495003+00:00,2026-06-21T18:06:34.773477+00:00,2026-06-27T21:00:00+00:00,shadow,149,True,
2026_L_0627_PanEng,M5_25_75,2026-06-21T18:08:27.495003+00:00,2026-06-21T18:06:34.773477+00:00,2026-06-27T21:00:00+00:00,shadow,150,True,
2026_K_0627_ColPor,M1_B1,2026-06-21T18:08:27.495003+00:00,2026-06-21T18:06:34.773477+00:00,2026-06-27T23:30:00+00:00,approved,151,True,
2026_K_0627_ColPor,M2_market,2026-06-21T18:08:27.495003+00:00,2026-06-21T18:06:34.773477+00:00,2026-06-27T23:30:00+00:00,shadow,152,True,
2026_K_0627_ColPor,M3_75_25,2026-06-21T18:08:27.495003+00:00,2026-06-21T18:06:34.773477+00:00,2026-06-27T23:30:00+00:00,shadow,153,True,
2026_K_0627_ColPor,M4_50_50,2026-06-21T18:08:27.495003+00:00,2026-06-21T18:06:34.773477+00:00,2026-06-27T23:30:00+00:00,shadow,154,True,
2026_K_0627_ColPor,M5_25_75,2026-06-21T18:08:27.495003+00:00,2026-06-21T18:06:34.773477+00:00,2026-06-27T23:30:00+00:00,shadow,155,True,
2026_K_0627_ConUzb,M1_B1,2026-06-21T18:08:27.495003+00:00,2026-06-21T18:06:34.773477+00:00,2026-06-27T23:30:00+00:00,approved,156,True,
2026_K_0627_ConUzb,M2_market,2026-06-21T18:08:27.495003+00:00,2026-06-21T18:06:34.773477+00:00,2026-06-27T23:30:00+00:00,shadow,157,True,
2026_K_0627_ConUzb,M3_75_25,2026-06-21T18:08:27.495003+00:00,2026-06-21T18:06:34.773477+00:00,2026-06-27T23:30:00+00:00,shadow,158,True,
2026_K_0627_ConUzb,M4_50_50,2026-06-21T18:08:27.495003+00:00,2026-06-21T18:06:34.773477+00:00,2026-06-27T23:30:00+00:00,shadow,159,True,
2026_K_0627_ConUzb,M5_25_75,2026-06-21T18:08:27.495003+00:00,2026-06-21T18:06:34.773477+00:00,2026-06-27T23:30:00+00:00,shadow,160,True,
2026_J_0628_AlgAus,M1_B1,2026-06-21T18:08:27.495003+00:00,2026-06-21T18:06:34.773477+00:00,2026-06-28T02:00:00+00:00,approved,161,True,
2026_J_0628_AlgAus,M2_market,2026-06-21T18:08:27.495003+00:00,2026-06-21T18:06:34.773477+00:00,2026-06-28T02:00:00+00:00,shadow,162,True,
2026_J_0628_AlgAus,M3_75_25,2026-06-21T18:08:27.495003+00:00,2026-06-21T18:06:34.773477+00:00,2026-06-28T02:00:00+00:00,shadow,163,True,
2026_J_0628_AlgAus,M4_50_50,2026-06-21T18:08:27.495003+00:00,2026-06-21T18:06:34.773477+00:00,2026-06-28T02:00:00+00:00,shadow,164,True,
2026_J_0628_AlgAus,M5_25_75,2026-06-21T18:08:27.495003+00:00,2026-06-21T18:06:34.773477+00:00,2026-06-28T02:00:00+00:00,shadow,165,True,
2026_J_0628_JorArg,M1_B1,2026-06-21T18:08:27.495003+00:00,2026-06-21T18:06:34.773477+00:00,2026-06-28T02:00:00+00:00,approved,166,True,
2026_J_0628_JorArg,M2_market,2026-06-21T18:08:27.495003+00:00,2026-06-21T18:06:34.773477+00:00,2026-06-28T02:00:00+00:00,shadow,167,True,
2026_J_0628_JorArg,M3_75_25,2026-06-21T18:08:27.495003+00:00,2026-06-21T18:06:34.773477+00:00,2026-06-28T02:00:00+00:00,shadow,168,True,
2026_J_0628_JorArg,M4_50_50,2026-06-21T18:08:27.495003+00:00,2026-06-21T18:06:34.773477+00:00,2026-06-28T02:00:00+00:00,shadow,169,True,
2026_J_0628_JorArg,M5_25_75,2026-06-21T18:08:27.495003+00:00,2026-06-21T18:06:34.773477+00:00,2026-06-28T02:00:00+00:00,shadow,170,True,
2026_H_0621_UruCap,M1_B1,2026-06-21T18:24:03.935618+00:00,2026-06-21T18:24:03.933310+00:00,2026-06-21T22:00:00+00:00,approved,171,True,
2026_H_0621_UruCap,M2_market,2026-06-21T18:24:03.935654+00:00,2026-06-21T18:24:03.933310+00:00,2026-06-21T22:00:00+00:00,shadow,172,True,
2026_H_0621_UruCap,M3_75_25,2026-06-21T18:24:03.935673+00:00,2026-06-21T18:24:03.933310+00:00,2026-06-21T22:00:00+00:00,shadow,173,True,
2026_H_0621_UruCap,M4_50_50,2026-06-21T18:24:03.935689+00:00,2026-06-21T18:24:03.933310+00:00,2026-06-21T22:00:00+00:00,shadow,174,True,
2026_H_0621_UruCap,M5_25_75,2026-06-21T18:24:03.935704+00:00,2026-06-21T18:24:03.933310+00:00,2026-06-21T22:00:00+00:00,shadow,175,True,
2026_G_0622_NewEgy,M1_B1,2026-06-21T18:24:03.935995+00:00,2026-06-21T18:24:03.933310+00:00,2026-06-22T01:00:00+00:00,approved,176,True,
2026_G_0622_NewEgy,M2_market,2026-06-21T18:24:03.936018+00:00,2026-06-21T18:24:03.933310+00:00,2026-06-22T01:00:00+00:00,shadow,177,True,
2026_G_0622_NewEgy,M3_75_25,2026-06-21T18:24:03.936035+00:00,2026-06-21T18:24:03.933310+00:00,2026-06-22T01:00:00+00:00,shadow,178,True,
2026_G_0622_NewEgy,M4_50_50,2026-06-21T18:24:03.936049+00:00,2026-06-21T18:24:03.933310+00:00,2026-06-22T01:00:00+00:00,shadow,179,True,
2026_G_0622_NewEgy,M5_25_75,2026-06-21T18:24:03.936063+00:00,2026-06-21T18:24:03.933310+00:00,2026-06-22T01:00:00+00:00,shadow,180,True,
2026_J_0622_ArgAus,M1_B1,2026-06-21T18:24:03.936278+00:00,2026-06-21T18:24:03.933310+00:00,2026-06-22T17:00:00+00:00,approved,181,True,
2026_J_0622_ArgAus,M2_market,2026-06-21T18:24:03.936298+00:00,2026-06-21T18:24:03.933310+00:00,2026-06-22T17:00:00+00:00,shadow,182,True,
2026_J_0622_ArgAus,M3_75_25,2026-06-21T18:24:03.936313+00:00,2026-06-21T18:24:03.933310+00:00,2026-06-22T17:00:00+00:00,shadow,183,True,
2026_J_0622_ArgAus,M4_50_50,2026-06-21T18:24:03.936326+00:00,2026-06-21T18:24:03.933310+00:00,2026-06-22T17:00:00+00:00,shadow,184,True,
2026_J_0622_ArgAus,M5_25_75,2026-06-21T18:24:03.936339+00:00,2026-06-21T18:24:03.933310+00:00,2026-06-22T17:00:00+00:00,shadow,185,True,
2026_I_0622_FraIra,M1_B1,2026-06-21T18:24:03.936551+00:00,2026-06-21T18:24:03.933310+00:00,2026-06-22T21:00:00+00:00,approved,186,True,
2026_I_0622_FraIra,M2_market,2026-06-21T18:24:03.936570+00:00,2026-06-21T18:24:03.933310+00:00,2026-06-22T21:00:00+00:00,shadow,187,True,
2026_I_0622_FraIra,M3_75_25,2026-06-21T18:24:03.936584+00:00,2026-06-21T18:24:03.933310+00:00,2026-06-22T21:00:00+00:00,shadow,188,True,
2026_I_0622_FraIra,M4_50_50,2026-06-21T18:24:03.936597+00:00,2026-06-21T18:24:03.933310+00:00,2026-06-22T21:00:00+00:00,shadow,189,True,
2026_I_0622_FraIra,M5_25_75,2026-06-21T18:24:03.936610+00:00,2026-06-21T18:24:03.933310+00:00,2026-06-22T21:00:00+00:00,shadow,190,True,
2026_I_0623_NorSen,M1_B1,2026-06-21T18:24:03.936846+00:00,2026-06-21T18:24:03.933310+00:00,2026-06-23T00:00:00+00:00,approved,191,True,
2026_I_0623_NorSen,M2_market,2026-06-21T18:24:03.936864+00:00,2026-06-21T18:24:03.933310+00:00,2026-06-23T00:00:00+00:00,shadow,192,True,
2026_I_0623_NorSen,M3_75_25,2026-06-21T18:24:03.936878+00:00,2026-06-21T18:24:03.933310+00:00,2026-06-23T00:00:00+00:00,shadow,193,True,
2026_I_0623_NorSen,M4_50_50,2026-06-21T18:24:03.936892+00:00,2026-06-21T18:24:03.933310+00:00,2026-06-23T00:00:00+00:00,shadow,194,True,
2026_I_0623_NorSen,M5_25_75,2026-06-21T18:24:03.936905+00:00,2026-06-21T18:24:03.933310+00:00,2026-06-23T00:00:00+00:00,shadow,195,True,
2026_J_0623_JorAlg,M1_B1,2026-06-21T18:24:03.937105+00:00,2026-06-21T18:24:03.933310+00:00,2026-06-23T03:00:00+00:00,approved,196,True,
2026_J_0623_JorAlg,M2_market,2026-06-21T18:24:03.937124+00:00,2026-06-21T18:24:03.933310+00:00,2026-06-23T03:00:00+00:00,shadow,197,True,
2026_J_0623_JorAlg,M3_75_25,2026-06-21T18:24:03.937138+00:00,2026-06-21T18:24:03.933310+00:00,2026-06-23T03:00:00+00:00,shadow,198,True,
2026_J_0623_JorAlg,M4_50_50,2026-06-21T18:24:03.937151+00:00,2026-06-21T18:24:03.933310+00:00,2026-06-23T03:00:00+00:00,shadow,199,True,
2026_J_0623_JorAlg,M5_25_75,2026-06-21T18:24:03.937164+00:00,2026-06-21T18:24:03.933310+00:00,2026-06-23T03:00:00+00:00,shadow,200,True,
2026_K_0623_PorUzb,M1_B1,2026-06-21T18:24:03.937353+00:00,2026-06-21T18:24:03.933310+00:00,2026-06-23T17:00:00+00:00,approved,201,True,
2026_K_0623_PorUzb,M2_market,2026-06-21T18:24:03.937371+00:00,2026-06-21T18:24:03.933310+00:00,2026-06-23T17:00:00+00:00,shadow,202,True,
2026_K_0623_PorUzb,M3_75_25,2026-06-21T18:24:03.937385+00:00,2026-06-21T18:24:03.933310+00:00,2026-06-23T17:00:00+00:00,shadow,203,True,
2026_K_0623_PorUzb,M4_50_50,2026-06-21T18:24:03.937398+00:00,2026-06-21T18:24:03.933310+00:00,2026-06-23T17:00:00+00:00,shadow,204,True,
2026_K_0623_PorUzb,M5_25_75,2026-06-21T18:24:03.937411+00:00,2026-06-21T18:24:03.933310+00:00,2026-06-23T17:00:00+00:00,shadow,205,True,
2026_L_0623_EngGha,M1_B1,2026-06-21T18:24:03.937609+00:00,2026-06-21T18:24:03.933310+00:00,2026-06-23T20:00:00+00:00,approved,206,True,
2026_L_0623_EngGha,M2_market,2026-06-21T18:24:03.937628+00:00,2026-06-21T18:24:03.933310+00:00,2026-06-23T20:00:00+00:00,shadow,207,True,
2026_L_0623_EngGha,M3_75_25,2026-06-21T18:24:03.937642+00:00,2026-06-21T18:24:03.933310+00:00,2026-06-23T20:00:00+00:00,shadow,208,True,
2026_L_0623_EngGha,M4_50_50,2026-06-21T18:24:03.937655+00:00,2026-06-21T18:24:03.933310+00:00,2026-06-23T20:00:00+00:00,shadow,209,True,
2026_L_0623_EngGha,M5_25_75,2026-06-21T18:24:03.937667+00:00,2026-06-21T18:24:03.933310+00:00,2026-06-23T20:00:00+00:00,shadow,210,True,
2026_L_0623_PanCro,M1_B1,2026-06-21T18:24:03.937855+00:00,2026-06-21T18:24:03.933310+00:00,2026-06-23T23:00:00+00:00,approved,211,True,
2026_L_0623_PanCro,M2_market,2026-06-21T18:24:03.937873+00:00,2026-06-21T18:24:03.933310+00:00,2026-06-23T23:00:00+00:00,shadow,212,True,
2026_L_0623_PanCro,M3_75_25,2026-06-21T18:24:03.937887+00:00,2026-06-21T18:24:03.933310+00:00,2026-06-23T23:00:00+00:00,shadow,213,True,
2026_L_0623_PanCro,M4_50_50,2026-06-21T18:24:03.937901+00:00,2026-06-21T18:24:03.933310+00:00,2026-06-23T23:00:00+00:00,shadow,214,True,
2026_L_0623_PanCro,M5_25_75,2026-06-21T18:24:03.937914+00:00,2026-06-21T18:24:03.933310+00:00,2026-06-23T23:00:00+00:00,shadow,215,True,
2026_K_0624_ColCon,M1_B1,2026-06-21T18:24:03.938100+00:00,2026-06-21T18:24:03.933310+00:00,2026-06-24T02:00:00+00:00,approved,216,True,
2026_K_0624_ColCon,M2_market,2026-06-21T18:24:03.938118+00:00,2026-06-21T18:24:03.933310+00:00,2026-06-24T02:00:00+00:00,shadow,217,True,
2026_K_0624_ColCon,M3_75_25,2026-06-21T18:24:03.938132+00:00,2026-06-21T18:24:03.933310+00:00,2026-06-24T02:00:00+00:00,shadow,218,True,
2026_K_0624_ColCon,M4_50_50,2026-06-21T18:24:03.938145+00:00,2026-06-21T18:24:03.933310+00:00,2026-06-24T02:00:00+00:00,shadow,219,True,
2026_K_0624_ColCon,M5_25_75,2026-06-21T18:24:03.938158+00:00,2026-06-21T18:24:03.933310+00:00,2026-06-24T02:00:00+00:00,shadow,220,True,
2026_B_0624_BosQat,M1_B1,2026-06-21T18:24:03.938343+00:00,2026-06-21T18:24:03.933310+00:00,2026-06-24T19:00:00+00:00,approved,221,True,
2026_B_0624_SwiCan,M1_B1,2026-06-21T18:24:03.938533+00:00,2026-06-21T18:24:03.933310+00:00,2026-06-24T19:00:00+00:00,approved,222,True,
2026_B_0624_SwiCan,M2_market,2026-06-21T18:24:03.938552+00:00,2026-06-21T18:24:03.933310+00:00,2026-06-24T19:00:00+00:00,shadow,223,True,
2026_B_0624_SwiCan,M3_75_25,2026-06-21T18:24:03.938566+00:00,2026-06-21T18:24:03.933310+00:00,2026-06-24T19:00:00+00:00,shadow,224,True,
2026_B_0624_SwiCan,M4_50_50,2026-06-21T18:24:03.938579+00:00,2026-06-21T18:24:03.933310+00:00,2026-06-24T19:00:00+00:00,shadow,225,True,
2026_B_0624_SwiCan,M5_25_75,2026-06-21T18:24:03.938592+00:00,2026-06-21T18:24:03.933310+00:00,2026-06-24T19:00:00+00:00,shadow,226,True,
2026_C_0624_MorHai,M1_B1,2026-06-21T18:24:03.938781+00:00,2026-06-21T18:24:03.933310+00:00,2026-06-24T22:00:00+00:00,approved,227,True,
2026_C_0624_MorHai,M2_market,2026-06-21T18:24:03.938800+00:00,2026-06-21T18:24:03.933310+00:00,2026-06-24T22:00:00+00:00,shadow,228,True,
2026_C_0624_MorHai,M3_75_25,2026-06-21T18:24:03.938814+00:00,2026-06-21T18:24:03.933310+00:00,2026-06-24T22:00:00+00:00,shadow,229,True,
2026_C_0624_MorHai,M4_50_50,2026-06-21T18:24:03.938827+00:00,2026-06-21T18:24:03.933310+00:00,2026-06-24T22:00:00+00:00,shadow,230,True,
2026_C_0624_MorHai,M5_25_75,2026-06-21T18:24:03.938840+00:00,2026-06-21T18:24:03.933310+00:00,2026-06-24T22:00:00+00:00,shadow,231,True,
2026_C_0624_ScoBra,M1_B1,2026-06-21T18:24:03.939027+00:00,2026-06-21T18:24:03.933310+00:00,2026-06-24T22:00:00+00:00,approved,232,True,
2026_C_0624_ScoBra,M2_market,2026-06-21T18:24:03.939044+00:00,2026-06-21T18:24:03.933310+00:00,2026-06-24T22:00:00+00:00,shadow,233,True,
2026_C_0624_ScoBra,M3_75_25,2026-06-21T18:24:03.939058+00:00,2026-06-21T18:24:03.933310+00:00,2026-06-24T22:00:00+00:00,shadow,234,True,
2026_C_0624_ScoBra,M4_50_50,2026-06-21T18:24:03.939074+00:00,2026-06-21T18:24:03.933310+00:00,2026-06-24T22:00:00+00:00,shadow,235,True,
2026_C_0624_ScoBra,M5_25_75,2026-06-21T18:24:03.939093+00:00,2026-06-21T18:24:03.933310+00:00,2026-06-24T22:00:00+00:00,shadow,236,True,
2026_A_0625_CzeMex,M1_B1,2026-06-21T18:24:03.939319+00:00,2026-06-21T18:24:03.933310+00:00,2026-06-25T01:00:00+00:00,approved,237,True,
2026_A_0625_CzeMex,M2_market,2026-06-21T18:24:03.939339+00:00,2026-06-21T18:24:03.933310+00:00,2026-06-25T01:00:00+00:00,shadow,238,True,
2026_A_0625_CzeMex,M3_75_25,2026-06-21T18:24:03.939354+00:00,2026-06-21T18:24:03.933310+00:00,2026-06-25T01:00:00+00:00,shadow,239,True,
2026_A_0625_CzeMex,M4_50_50,2026-06-21T18:24:03.939367+00:00,2026-06-21T18:24:03.933310+00:00,2026-06-25T01:00:00+00:00,shadow,240,True,
2026_A_0625_CzeMex,M5_25_75,2026-06-21T18:24:03.939380+00:00,2026-06-21T18:24:03.933310+00:00,2026-06-25T01:00:00+00:00,shadow,241,True,
2026_A_0625_SouKor,M1_B1,2026-06-21T18:24:03.939584+00:00,2026-06-21T18:24:03.933310+00:00,2026-06-25T01:00:00+00:00,approved,242,True,
2026_A_0625_SouKor,M2_market,2026-06-21T18:24:03.939602+00:00,2026-06-21T18:24:03.933310+00:00,2026-06-25T01:00:00+00:00,shadow,243,True,
2026_A_0625_SouKor,M3_75_25,2026-06-21T18:24:03.939616+00:00,2026-06-21T18:24:03.933310+00:00,2026-06-25T01:00:00+00:00,shadow,244,True,
2026_A_0625_SouKor,M4_50_50,2026-06-21T18:24:03.939630+00:00,2026-06-21T18:24:03.933310+00:00,2026-06-25T01:00:00+00:00,shadow,245,True,
2026_A_0625_SouKor,M5_25_75,2026-06-21T18:24:03.939642+00:00,2026-06-21T18:24:03.933310+00:00,2026-06-25T01:00:00+00:00,shadow,246,True,
2026_E_0625_CurIvo,M1_B1,2026-06-21T18:24:03.939830+00:00,2026-06-21T18:24:03.933310+00:00,2026-06-25T20:00:00+00:00,approved,247,True,
2026_E_0625_CurIvo,M2_market,2026-06-21T18:24:03.939850+00:00,2026-06-21T18:24:03.933310+00:00,2026-06-25T20:00:00+00:00,shadow,248,True,
2026_E_0625_CurIvo,M3_75_25,2026-06-21T18:24:03.939864+00:00,2026-06-21T18:24:03.933310+00:00,2026-06-25T20:00:00+00:00,shadow,249,True,
2026_E_0625_CurIvo,M4_50_50,2026-06-21T18:24:03.939877+00:00,2026-06-21T18:24:03.933310+00:00,2026-06-25T20:00:00+00:00,shadow,250,True,
2026_E_0625_CurIvo,M5_25_75,2026-06-21T18:24:03.939890+00:00,2026-06-21T18:24:03.933310+00:00,2026-06-25T20:00:00+00:00,shadow,251,True,
2026_E_0625_EcuGer,M1_B1,2026-06-21T18:24:03.940076+00:00,2026-06-21T18:24:03.933310+00:00,2026-06-25T20:00:00+00:00,approved,252,True,
2026_E_0625_EcuGer,M2_market,2026-06-21T18:24:03.940095+00:00,2026-06-21T18:24:03.933310+00:00,2026-06-25T20:00:00+00:00,shadow,253,True,
2026_E_0625_EcuGer,M3_75_25,2026-06-21T18:24:03.940109+00:00,2026-06-21T18:24:03.933310+00:00,2026-06-25T20:00:00+00:00,shadow,254,True,
2026_E_0625_EcuGer,M4_50_50,2026-06-21T18:24:03.940122+00:00,2026-06-21T18:24:03.933310+00:00,2026-06-25T20:00:00+00:00,shadow,255,True,
2026_E_0625_EcuGer,M5_25_75,2026-06-21T18:24:03.940135+00:00,2026-06-21T18:24:03.933310+00:00,2026-06-25T20:00:00+00:00,shadow,256,True,
2026_F_0625_JapSwe,M1_B1,2026-06-21T18:24:03.940322+00:00,2026-06-21T18:24:03.933310+00:00,2026-06-25T23:00:00+00:00,approved,257,True,
2026_F_0625_JapSwe,M2_market,2026-06-21T18:24:03.940340+00:00,2026-06-21T18:24:03.933310+00:00,2026-06-25T23:00:00+00:00,shadow,258,True,
2026_F_0625_JapSwe,M3_75_25,2026-06-21T18:24:03.940353+00:00,2026-06-21T18:24:03.933310+00:00,2026-06-25T23:00:00+00:00,shadow,259,True,
2026_F_0625_JapSwe,M4_50_50,2026-06-21T18:24:03.940367+00:00,2026-06-21T18:24:03.933310+00:00,2026-06-25T23:00:00+00:00,shadow,260,True,
2026_F_0625_JapSwe,M5_25_75,2026-06-21T18:24:03.940380+00:00,2026-06-21T18:24:03.933310+00:00,2026-06-25T23:00:00+00:00,shadow,261,True,
2026_F_0625_TunNet,M1_B1,2026-06-21T18:24:03.940564+00:00,2026-06-21T18:24:03.933310+00:00,2026-06-25T23:00:00+00:00,approved,262,True,
2026_F_0625_TunNet,M2_market,2026-06-21T18:24:03.940582+00:00,2026-06-21T18:24:03.933310+00:00,2026-06-25T23:00:00+00:00,shadow,263,True,
2026_F_0625_TunNet,M3_75_25,2026-06-21T18:24:03.940596+00:00,2026-06-21T18:24:03.933310+00:00,2026-06-25T23:00:00+00:00,shadow,264,True,
2026_F_0625_TunNet,M4_50_50,2026-06-21T18:24:03.940609+00:00,2026-06-21T18:24:03.933310+00:00,2026-06-25T23:00:00+00:00,shadow,265,True,
2026_F_0625_TunNet,M5_25_75,2026-06-21T18:24:03.940622+00:00,2026-06-21T18:24:03.933310+00:00,2026-06-25T23:00:00+00:00,shadow,266,True,
2026_D_0626_ParAus,M1_B1,2026-06-21T18:24:03.940805+00:00,2026-06-21T18:24:03.933310+00:00,2026-06-26T02:00:00+00:00,approved,267,True,
2026_D_0626_ParAus,M2_market,2026-06-21T18:24:03.940823+00:00,2026-06-21T18:24:03.933310+00:00,2026-06-26T02:00:00+00:00,shadow,268,True,
2026_D_0626_ParAus,M3_75_25,2026-06-21T18:24:03.940837+00:00,2026-06-21T18:24:03.933310+00:00,2026-06-26T02:00:00+00:00,shadow,269,True,
2026_D_0626_ParAus,M4_50_50,2026-06-21T18:24:03.940850+00:00,2026-06-21T18:24:03.933310+00:00,2026-06-26T02:00:00+00:00,shadow,270,True,
2026_D_0626_ParAus,M5_25_75,2026-06-21T18:24:03.940863+00:00,2026-06-21T18:24:03.933310+00:00,2026-06-26T02:00:00+00:00,shadow,271,True,
2026_D_0626_TurUni,M1_B1,2026-06-21T18:24:03.941048+00:00,2026-06-21T18:24:03.933310+00:00,2026-06-26T02:00:00+00:00,approved,272,True,
2026_D_0626_TurUni,M2_market,2026-06-21T18:24:03.941067+00:00,2026-06-21T18:24:03.933310+00:00,2026-06-26T02:00:00+00:00,shadow,273,True,
2026_D_0626_TurUni,M3_75_25,2026-06-21T18:24:03.941081+00:00,2026-06-21T18:24:03.933310+00:00,2026-06-26T02:00:00+00:00,shadow,274,True,
2026_D_0626_TurUni,M4_50_50,2026-06-21T18:24:03.941094+00:00,2026-06-21T18:24:03.933310+00:00,2026-06-26T02:00:00+00:00,shadow,275,True,
2026_D_0626_TurUni,M5_25_75,2026-06-21T18:24:03.941106+00:00,2026-06-21T18:24:03.933310+00:00,2026-06-26T02:00:00+00:00,shadow,276,True,
2026_I_0626_NorFra,M1_B1,2026-06-21T18:24:03.941298+00:00,2026-06-21T18:24:03.933310+00:00,2026-06-26T19:00:00+00:00,approved,277,True,
2026_I_0626_NorFra,M2_market,2026-06-21T18:24:03.941315+00:00,2026-06-21T18:24:03.933310+00:00,2026-06-26T19:00:00+00:00,shadow,278,True,
2026_I_0626_NorFra,M3_75_25,2026-06-21T18:24:03.941329+00:00,2026-06-21T18:24:03.933310+00:00,2026-06-26T19:00:00+00:00,shadow,279,True,
2026_I_0626_NorFra,M4_50_50,2026-06-21T18:24:03.941343+00:00,2026-06-21T18:24:03.933310+00:00,2026-06-26T19:00:00+00:00,shadow,280,True,
2026_I_0626_NorFra,M5_25_75,2026-06-21T18:24:03.941356+00:00,2026-06-21T18:24:03.933310+00:00,2026-06-26T19:00:00+00:00,shadow,281,True,
2026_I_0626_SenIra,M1_B1,2026-06-21T18:24:03.941550+00:00,2026-06-21T18:24:03.933310+00:00,2026-06-26T19:00:00+00:00,approved,282,True,
2026_I_0626_SenIra,M2_market,2026-06-21T18:24:03.941568+00:00,2026-06-21T18:24:03.933310+00:00,2026-06-26T19:00:00+00:00,shadow,283,True,
2026_I_0626_SenIra,M3_75_25,2026-06-21T18:24:03.941582+00:00,2026-06-21T18:24:03.933310+00:00,2026-06-26T19:00:00+00:00,shadow,284,True,
2026_I_0626_SenIra,M4_50_50,2026-06-21T18:24:03.941595+00:00,2026-06-21T18:24:03.933310+00:00,2026-06-26T19:00:00+00:00,shadow,285,True,
2026_I_0626_SenIra,M5_25_75,2026-06-21T18:24:03.941608+00:00,2026-06-21T18:24:03.933310+00:00,2026-06-26T19:00:00+00:00,shadow,286,True,
2026_H_0627_CapSau,M1_B1,2026-06-21T18:24:03.941819+00:00,2026-06-21T18:24:03.933310+00:00,2026-06-27T00:00:00+00:00,approved,287,True,
2026_H_0627_CapSau,M2_market,2026-06-21T18:24:03.941837+00:00,2026-06-21T18:24:03.933310+00:00,2026-06-27T00:00:00+00:00,shadow,288,True,
2026_H_0627_CapSau,M3_75_25,2026-06-21T18:24:03.941862+00:00,2026-06-21T18:24:03.933310+00:00,2026-06-27T00:00:00+00:00,shadow,289,True,
2026_H_0627_CapSau,M4_50_50,2026-06-21T18:24:03.941877+00:00,2026-06-21T18:24:03.933310+00:00,2026-06-27T00:00:00+00:00,shadow,290,True,
2026_H_0627_CapSau,M5_25_75,2026-06-21T18:24:03.941891+00:00,2026-06-21T18:24:03.933310+00:00,2026-06-27T00:00:00+00:00,shadow,291,True,
2026_H_0627_UruSpa,M1_B1,2026-06-21T18:24:03.942092+00:00,2026-06-21T18:24:03.933310+00:00,2026-06-27T00:00:00+00:00,approved,292,True,
2026_H_0627_UruSpa,M2_market,2026-06-21T18:24:03.942110+00:00,2026-06-21T18:24:03.933310+00:00,2026-06-27T00:00:00+00:00,shadow,293,True,
2026_H_0627_UruSpa,M3_75_25,2026-06-21T18:24:03.942124+00:00,2026-06-21T18:24:03.933310+00:00,2026-06-27T00:00:00+00:00,shadow,294,True,
2026_H_0627_UruSpa,M4_50_50,2026-06-21T18:24:03.942137+00:00,2026-06-21T18:24:03.933310+00:00,2026-06-27T00:00:00+00:00,shadow,295,True,
2026_H_0627_UruSpa,M5_25_75,2026-06-21T18:24:03.942150+00:00,2026-06-21T18:24:03.933310+00:00,2026-06-27T00:00:00+00:00,shadow,296,True,
2026_G_0627_EgyIra,M1_B1,2026-06-21T18:24:03.942345+00:00,2026-06-21T18:24:03.933310+00:00,2026-06-27T03:00:00+00:00,approved,297,True,
2026_G_0627_EgyIra,M2_market,2026-06-21T18:24:03.942363+00:00,2026-06-21T18:24:03.933310+00:00,2026-06-27T03:00:00+00:00,shadow,298,True,
2026_G_0627_EgyIra,M3_75_25,2026-06-21T18:24:03.942377+00:00,2026-06-21T18:24:03.933310+00:00,2026-06-27T03:00:00+00:00,shadow,299,True,
2026_G_0627_EgyIra,M4_50_50,2026-06-21T18:24:03.942391+00:00,2026-06-21T18:24:03.933310+00:00,2026-06-27T03:00:00+00:00,shadow,300,True,
2026_G_0627_EgyIra,M5_25_75,2026-06-21T18:24:03.942403+00:00,2026-06-21T18:24:03.933310+00:00,2026-06-27T03:00:00+00:00,shadow,301,True,
2026_G_0627_NewBel,M1_B1,2026-06-21T18:24:03.942592+00:00,2026-06-21T18:24:03.933310+00:00,2026-06-27T03:00:00+00:00,approved,302,True,
2026_G_0627_NewBel,M2_market,2026-06-21T18:24:03.942610+00:00,2026-06-21T18:24:03.933310+00:00,2026-06-27T03:00:00+00:00,shadow,303,True,
2026_G_0627_NewBel,M3_75_25,2026-06-21T18:24:03.942623+00:00,2026-06-21T18:24:03.933310+00:00,2026-06-27T03:00:00+00:00,shadow,304,True,
2026_G_0627_NewBel,M4_50_50,2026-06-21T18:24:03.942636+00:00,2026-06-21T18:24:03.933310+00:00,2026-06-27T03:00:00+00:00,shadow,305,True,
2026_G_0627_NewBel,M5_25_75,2026-06-21T18:24:03.942649+00:00,2026-06-21T18:24:03.933310+00:00,2026-06-27T03:00:00+00:00,shadow,306,True,
2026_L_0627_CroGha,M1_B1,2026-06-21T18:24:03.942838+00:00,2026-06-21T18:24:03.933310+00:00,2026-06-27T21:00:00+00:00,approved,307,True,
2026_L_0627_CroGha,M2_market,2026-06-21T18:24:03.942856+00:00,2026-06-21T18:24:03.933310+00:00,2026-06-27T21:00:00+00:00,shadow,308,True,
2026_L_0627_CroGha,M3_75_25,2026-06-21T18:24:03.942870+00:00,2026-06-21T18:24:03.933310+00:00,2026-06-27T21:00:00+00:00,shadow,309,True,
2026_L_0627_CroGha,M4_50_50,2026-06-21T18:24:03.942882+00:00,2026-06-21T18:24:03.933310+00:00,2026-06-27T21:00:00+00:00,shadow,310,True,
2026_L_0627_CroGha,M5_25_75,2026-06-21T18:24:03.942895+00:00,2026-06-21T18:24:03.933310+00:00,2026-06-27T21:00:00+00:00,shadow,311,True,
2026_L_0627_PanEng,M1_B1,2026-06-21T18:24:03.943080+00:00,2026-06-21T18:24:03.933310+00:00,2026-06-27T21:00:00+00:00,approved,312,True,
2026_L_0627_PanEng,M2_market,2026-06-21T18:24:03.943098+00:00,2026-06-21T18:24:03.933310+00:00,2026-06-27T21:00:00+00:00,shadow,313,True,
2026_L_0627_PanEng,M3_75_25,2026-06-21T18:24:03.943111+00:00,2026-06-21T18:24:03.933310+00:00,2026-06-27T21:00:00+00:00,shadow,314,True,
2026_L_0627_PanEng,M4_50_50,2026-06-21T18:24:03.943124+00:00,2026-06-21T18:24:03.933310+00:00,2026-06-27T21:00:00+00:00,shadow,315,True,
2026_L_0627_PanEng,M5_25_75,2026-06-21T18:24:03.943137+00:00,2026-06-21T18:24:03.933310+00:00,2026-06-27T21:00:00+00:00,shadow,316,True,
2026_K_0627_ColPor,M1_B1,2026-06-21T18:24:03.943328+00:00,2026-06-21T18:24:03.933310+00:00,2026-06-27T23:30:00+00:00,approved,317,True,
2026_K_0627_ColPor,M2_market,2026-06-21T18:24:03.943346+00:00,2026-06-21T18:24:03.933310+00:00,2026-06-27T23:30:00+00:00,shadow,318,True,
2026_K_0627_ColPor,M3_75_25,2026-06-21T18:24:03.943359+00:00,2026-06-21T18:24:03.933310+00:00,2026-06-27T23:30:00+00:00,shadow,319,True,
2026_K_0627_ColPor,M4_50_50,2026-06-21T18:24:03.943373+00:00,2026-06-21T18:24:03.933310+00:00,2026-06-27T23:30:00+00:00,shadow,320,True,
2026_K_0627_ColPor,M5_25_75,2026-06-21T18:24:03.943385+00:00,2026-06-21T18:24:03.933310+00:00,2026-06-27T23:30:00+00:00,shadow,321,True,
2026_K_0627_ConUzb,M1_B1,2026-06-21T18:24:03.943579+00:00,2026-06-21T18:24:03.933310+00:00,2026-06-27T23:30:00+00:00,approved,322,True,
2026_K_0627_ConUzb,M2_market,2026-06-21T18:24:03.943597+00:00,2026-06-21T18:24:03.933310+00:00,2026-06-27T23:30:00+00:00,shadow,323,True,
2026_K_0627_ConUzb,M3_75_25,2026-06-21T18:24:03.943611+00:00,2026-06-21T18:24:03.933310+00:00,2026-06-27T23:30:00+00:00,shadow,324,True,
2026_K_0627_ConUzb,M4_50_50,2026-06-21T18:24:03.943624+00:00,2026-06-21T18:24:03.933310+00:00,2026-06-27T23:30:00+00:00,shadow,325,True,
2026_K_0627_ConUzb,M5_25_75,2026-06-21T18:24:03.943637+00:00,2026-06-21T18:24:03.933310+00:00,2026-06-27T23:30:00+00:00,shadow,326,True,
2026_J_0628_AlgAus,M1_B1,2026-06-21T18:24:03.943823+00:00,2026-06-21T18:24:03.933310+00:00,2026-06-28T02:00:00+00:00,approved,327,True,
2026_J_0628_AlgAus,M2_market,2026-06-21T18:24:03.943841+00:00,2026-06-21T18:24:03.933310+00:00,2026-06-28T02:00:00+00:00,shadow,328,True,
2026_J_0628_AlgAus,M3_75_25,2026-06-21T18:24:03.943854+00:00,2026-06-21T18:24:03.933310+00:00,2026-06-28T02:00:00+00:00,shadow,329,True,
2026_J_0628_AlgAus,M4_50_50,2026-06-21T18:24:03.943867+00:00,2026-06-21T18:24:03.933310+00:00,2026-06-28T02:00:00+00:00,shadow,330,True,
2026_J_0628_AlgAus,M5_25_75,2026-06-21T18:24:03.943880+00:00,2026-06-21T18:24:03.933310+00:00,2026-06-28T02:00:00+00:00,shadow,331,True,
2026_J_0628_JorArg,M1_B1,2026-06-21T18:24:03.944074+00:00,2026-06-21T18:24:03.933310+00:00,2026-06-28T02:00:00+00:00,approved,332,True,
2026_J_0628_JorArg,M2_market,2026-06-21T18:24:03.944092+00:00,2026-06-21T18:24:03.933310+00:00,2026-06-28T02:00:00+00:00,shadow,333,True,
2026_J_0628_JorArg,M3_75_25,2026-06-21T18:24:03.944105+00:00,2026-06-21T18:24:03.933310+00:00,2026-06-28T02:00:00+00:00,shadow,334,True,
2026_J_0628_JorArg,M4_50_50,2026-06-21T18:24:03.944119+00:00,2026-06-21T18:24:03.933310+00:00,2026-06-28T02:00:00+00:00,shadow,335,True,
2026_J_0628_JorArg,M5_25_75,2026-06-21T18:24:03.944132+00:00,2026-06-21T18:24:03.933310+00:00,2026-06-28T02:00:00+00:00,shadow,336,True,
2026_G_0621_BelIra,M1_B1,2026-06-21T18:40:05.067120+00:00,2026-06-21T18:40:05.064613+00:00,2026-06-21T19:00:00+00:00,approved,337,True,
2026_G_0621_BelIra,M2_market,2026-06-21T18:40:05.067151+00:00,2026-06-21T18:40:05.064613+00:00,2026-06-21T19:00:00+00:00,shadow,338,True,
2026_G_0621_BelIra,M3_75_25,2026-06-21T18:40:05.067169+00:00,2026-06-21T18:40:05.064613+00:00,2026-06-21T19:00:00+00:00,shadow,339,True,
2026_G_0621_BelIra,M4_50_50,2026-06-21T18:40:05.067184+00:00,2026-06-21T18:40:05.064613+00:00,2026-06-21T19:00:00+00:00,shadow,340,True,
2026_G_0621_BelIra,M5_25_75,2026-06-21T18:40:05.067199+00:00,2026-06-21T18:40:05.064613+00:00,2026-06-21T19:00:00+00:00,shadow,341,True,
2026_G_0621_BelIra,M1_B1,2026-06-21T18:40:10.582652+00:00,2026-06-21T18:40:10.580238+00:00,2026-06-21T19:00:00+00:00,approved,342,True,
2026_G_0621_BelIra,M2_market,2026-06-21T18:40:10.582688+00:00,2026-06-21T18:40:10.580238+00:00,2026-06-21T19:00:00+00:00,shadow,343,True,
2026_G_0621_BelIra,M3_75_25,2026-06-21T18:40:10.582707+00:00,2026-06-21T18:40:10.580238+00:00,2026-06-21T19:00:00+00:00,shadow,344,True,
2026_G_0621_BelIra,M4_50_50,2026-06-21T18:40:10.582723+00:00,2026-06-21T18:40:10.580238+00:00,2026-06-21T19:00:00+00:00,shadow,345,True,
2026_G_0621_BelIra,M5_25_75,2026-06-21T18:40:10.582738+00:00,2026-06-21T18:40:10.580238+00:00,2026-06-21T19:00:00+00:00,shadow,346,True,
2026_G_0621_BelIra,M1_B1,2026-06-21T18:55:06.833321+00:00,2026-06-21T18:55:06.830899+00:00,2026-06-21T19:00:00+00:00,approved,347,True,
2026_G_0621_BelIra,M2_market,2026-06-21T18:55:06.833349+00:00,2026-06-21T18:55:06.830899+00:00,2026-06-21T19:00:00+00:00,shadow,348,True,
2026_G_0621_BelIra,M3_75_25,2026-06-21T18:55:06.833366+00:00,2026-06-21T18:55:06.830899+00:00,2026-06-21T19:00:00+00:00,shadow,349,True,
2026_G_0621_BelIra,M4_50_50,2026-06-21T18:55:06.833381+00:00,2026-06-21T18:55:06.830899+00:00,2026-06-21T19:00:00+00:00,shadow,350,True,
2026_G_0621_BelIra,M5_25_75,2026-06-21T18:55:06.833395+00:00,2026-06-21T18:55:06.830899+00:00,2026-06-21T19:00:00+00:00,shadow,351,True,
2026_H_0621_UruCap,M1_B1,2026-06-21T20:20:14.031143+00:00,2026-06-21T20:20:14.028590+00:00,2026-06-21T22:00:00+00:00,approved,352,True,
2026_H_0621_UruCap,M2_market,2026-06-21T20:20:14.031175+00:00,2026-06-21T20:20:14.028590+00:00,2026-06-21T22:00:00+00:00,shadow,353,True,
2026_H_0621_UruCap,M3_75_25,2026-06-21T20:20:14.031192+00:00,2026-06-21T20:20:14.028590+00:00,2026-06-21T22:00:00+00:00,shadow,354,True,
2026_H_0621_UruCap,M4_50_50,2026-06-21T20:20:14.031207+00:00,2026-06-21T20:20:14.028590+00:00,2026-06-21T22:00:00+00:00,shadow,355,True,
2026_H_0621_UruCap,M5_25_75,2026-06-21T20:20:14.031221+00:00,2026-06-21T20:20:14.028590+00:00,2026-06-21T22:00:00+00:00,shadow,356,True,
2026_H_0621_UruCap,M1_B1,2026-06-21T21:40:20.798265+00:00,2026-06-21T21:40:20.795875+00:00,2026-06-21T22:00:00+00:00,approved,357,True,
2026_H_0621_UruCap,M2_market,2026-06-21T21:40:20.798294+00:00,2026-06-21T21:40:20.795875+00:00,2026-06-21T22:00:00+00:00,shadow,358,True,
2026_H_0621_UruCap,M3_75_25,2026-06-21T21:40:20.798311+00:00,2026-06-21T21:40:20.795875+00:00,2026-06-21T22:00:00+00:00,shadow,359,True,
2026_H_0621_UruCap,M4_50_50,2026-06-21T21:40:20.798326+00:00,2026-06-21T21:40:20.795875+00:00,2026-06-21T22:00:00+00:00,shadow,360,True,
2026_H_0621_UruCap,M5_25_75,2026-06-21T21:40:20.798339+00:00,2026-06-21T21:40:20.795875+00:00,2026-06-21T22:00:00+00:00,shadow,361,True,
2026_H_0621_UruCap,M1_B1,2026-06-21T21:55:22.444555+00:00,2026-06-21T21:55:22.442301+00:00,2026-06-21T22:00:00+00:00,approved,362,True,
2026_H_0621_UruCap,M2_market,2026-06-21T21:55:22.444584+00:00,2026-06-21T21:55:22.442301+00:00,2026-06-21T22:00:00+00:00,shadow,363,True,
2026_H_0621_UruCap,M3_75_25,2026-06-21T21:55:22.444604+00:00,2026-06-21T21:55:22.442301+00:00,2026-06-21T22:00:00+00:00,shadow,364,True,
2026_H_0621_UruCap,M4_50_50,2026-06-21T21:55:22.444618+00:00,2026-06-21T21:55:22.442301+00:00,2026-06-21T22:00:00+00:00,shadow,365,True,
2026_H_0621_UruCap,M5_25_75,2026-06-21T21:55:22.444632+00:00,2026-06-21T21:55:22.442301+00:00,2026-06-21T22:00:00+00:00,shadow,366,True,
2026_G_0622_NewEgy,M1_B1,2026-06-21T23:20:29.379016+00:00,2026-06-21T23:20:29.376727+00:00,2026-06-22T01:00:00+00:00,approved,367,True,
2026_G_0622_NewEgy,M2_market,2026-06-21T23:20:29.379046+00:00,2026-06-21T23:20:29.376727+00:00,2026-06-22T01:00:00+00:00,shadow,368,True,
2026_G_0622_NewEgy,M3_75_25,2026-06-21T23:20:29.379063+00:00,2026-06-21T23:20:29.376727+00:00,2026-06-22T01:00:00+00:00,shadow,369,True,
2026_G_0622_NewEgy,M4_50_50,2026-06-21T23:20:29.379078+00:00,2026-06-21T23:20:29.376727+00:00,2026-06-22T01:00:00+00:00,shadow,370,True,
2026_G_0622_NewEgy,M5_25_75,2026-06-21T23:20:29.379091+00:00,2026-06-21T23:20:29.376727+00:00,2026-06-22T01:00:00+00:00,shadow,371,True,
2026_K_0623_PorUzb,M1_B1,2026-06-23T04:06:38.459148+00:00,2026-06-23T04:06:26.408483+00:00,2026-06-23T17:00:00+00:00,approved,372,True,
2026_L_0623_EngGha,M1_B1,2026-06-23T04:06:38.459148+00:00,2026-06-23T04:06:26.408483+00:00,2026-06-23T20:00:00+00:00,approved,373,True,
2026_L_0623_PanCro,M1_B1,2026-06-23T04:06:38.459148+00:00,2026-06-23T04:06:26.408483+00:00,2026-06-23T23:00:00+00:00,approved,374,True,
2026_K_0624_ColCon,M1_B1,2026-06-23T04:06:38.459148+00:00,2026-06-23T04:06:26.408483+00:00,2026-06-24T02:00:00+00:00,approved,375,True,
2026_B_0624_BosQat,M1_B1,2026-06-23T04:06:38.459148+00:00,2026-06-23T04:06:26.408483+00:00,2026-06-24T19:00:00+00:00,approved,376,True,
2026_B_0624_SwiCan,M1_B1,2026-06-23T04:06:38.459148+00:00,2026-06-23T04:06:26.408483+00:00,2026-06-24T19:00:00+00:00,approved,377,True,
2026_C_0624_MorHai,M1_B1,2026-06-23T04:06:38.459148+00:00,2026-06-23T04:06:26.408483+00:00,2026-06-24T22:00:00+00:00,approved,378,True,
2026_C_0624_ScoBra,M1_B1,2026-06-23T04:06:38.459148+00:00,2026-06-23T04:06:26.408483+00:00,2026-06-24T22:00:00+00:00,approved,379,True,
2026_A_0625_CzeMex,M1_B1,2026-06-23T04:06:38.459148+00:00,2026-06-23T04:06:26.408483+00:00,2026-06-25T01:00:00+00:00,approved,380,True,
2026_A_0625_SouKor,M1_B1,2026-06-23T04:06:38.459148+00:00,2026-06-23T04:06:26.408483+00:00,2026-06-25T01:00:00+00:00,approved,381,True,
2026_E_0625_CurIvo,M1_B1,2026-06-23T04:06:38.459148+00:00,2026-06-23T04:06:26.408483+00:00,2026-06-25T20:00:00+00:00,approved,382,True,
2026_E_0625_EcuGer,M1_B1,2026-06-23T04:06:38.459148+00:00,2026-06-23T04:06:26.408483+00:00,2026-06-25T20:00:00+00:00,approved,383,True,
2026_F_0625_JapSwe,M1_B1,2026-06-23T04:06:38.459148+00:00,2026-06-23T04:06:26.408483+00:00,2026-06-25T23:00:00+00:00,approved,384,True,
2026_F_0625_TunNet,M1_B1,2026-06-23T04:06:38.459148+00:00,2026-06-23T04:06:26.408483+00:00,2026-06-25T23:00:00+00:00,approved,385,True,
2026_D_0626_ParAus,M1_B1,2026-06-23T04:06:38.459148+00:00,2026-06-23T04:06:26.408483+00:00,2026-06-26T02:00:00+00:00,approved,386,True,
2026_D_0626_TurUni,M1_B1,2026-06-23T04:06:38.459148+00:00,2026-06-23T04:06:26.408483+00:00,2026-06-26T02:00:00+00:00,approved,387,True,
2026_I_0626_NorFra,M1_B1,2026-06-23T04:06:38.459148+00:00,2026-06-23T04:06:26.408483+00:00,2026-06-26T19:00:00+00:00,approved,388,True,
2026_I_0626_SenIra,M1_B1,2026-06-23T04:06:38.459148+00:00,2026-06-23T04:06:26.408483+00:00,2026-06-26T19:00:00+00:00,approved,389,True,
2026_H_0627_CapSau,M1_B1,2026-06-23T04:06:38.459148+00:00,2026-06-23T04:06:26.408483+00:00,2026-06-27T00:00:00+00:00,approved,390,True,
2026_H_0627_UruSpa,M1_B1,2026-06-23T04:06:38.459148+00:00,2026-06-23T04:06:26.408483+00:00,2026-06-27T00:00:00+00:00,approved,391,True,
2026_G_0627_EgyIra,M1_B1,2026-06-23T04:06:38.459148+00:00,2026-06-23T04:06:26.408483+00:00,2026-06-27T03:00:00+00:00,approved,392,True,
2026_G_0627_NewBel,M1_B1,2026-06-23T04:06:38.459148+00:00,2026-06-23T04:06:26.408483+00:00,2026-06-27T03:00:00+00:00,approved,393,True,
2026_L_0627_CroGha,M1_B1,2026-06-23T04:06:38.459148+00:00,2026-06-23T04:06:26.408483+00:00,2026-06-27T21:00:00+00:00,approved,394,True,
2026_L_0627_PanEng,M1_B1,2026-06-23T04:06:38.459148+00:00,2026-06-23T04:06:26.408483+00:00,2026-06-27T21:00:00+00:00,approved,395,True,
2026_K_0627_ColPor,M1_B1,2026-06-23T04:06:38.459148+00:00,2026-06-23T04:06:26.408483+00:00,2026-06-27T23:30:00+00:00,approved,396,True,
2026_K_0627_ConUzb,M1_B1,2026-06-23T04:06:38.459148+00:00,2026-06-23T04:06:26.408483+00:00,2026-06-27T23:30:00+00:00,approved,397,True,
2026_J_0628_AlgAus,M1_B1,2026-06-23T04:06:38.459148+00:00,2026-06-23T04:06:26.408483+00:00,2026-06-28T02:00:00+00:00,approved,398,True,
2026_J_0628_JorArg,M1_B1,2026-06-23T04:06:38.459148+00:00,2026-06-23T04:06:26.408483+00:00,2026-06-28T02:00:00+00:00,approved,399,True,
2026_K_0623_PorUzb,M1_B1,2026-06-23T06:08:24.288576+00:00,2026-06-23T06:08:16.150391+00:00,2026-06-23T17:00:00+00:00,approved,400,True,
2026_L_0623_EngGha,M1_B1,2026-06-23T06:08:24.288576+00:00,2026-06-23T06:08:16.150391+00:00,2026-06-23T20:00:00+00:00,approved,401,True,
2026_L_0623_PanCro,M1_B1,2026-06-23T06:08:24.288576+00:00,2026-06-23T06:08:16.150391+00:00,2026-06-23T23:00:00+00:00,approved,402,True,
2026_K_0624_ColCon,M1_B1,2026-06-23T06:08:24.288576+00:00,2026-06-23T06:08:16.150391+00:00,2026-06-24T02:00:00+00:00,approved,403,True,
2026_B_0624_BosQat,M1_B1,2026-06-23T06:08:24.288576+00:00,2026-06-23T06:08:16.150391+00:00,2026-06-24T19:00:00+00:00,approved,404,True,
2026_B_0624_SwiCan,M1_B1,2026-06-23T06:08:24.288576+00:00,2026-06-23T06:08:16.150391+00:00,2026-06-24T19:00:00+00:00,approved,405,True,
2026_C_0624_MorHai,M1_B1,2026-06-23T06:08:24.288576+00:00,2026-06-23T06:08:16.150391+00:00,2026-06-24T22:00:00+00:00,approved,406,True,
2026_C_0624_ScoBra,M1_B1,2026-06-23T06:08:24.288576+00:00,2026-06-23T06:08:16.150391+00:00,2026-06-24T22:00:00+00:00,approved,407,True,
2026_A_0625_CzeMex,M1_B1,2026-06-23T06:08:24.288576+00:00,2026-06-23T06:08:16.150391+00:00,2026-06-25T01:00:00+00:00,approved,408,True,
2026_A_0625_SouKor,M1_B1,2026-06-23T06:08:24.288576+00:00,2026-06-23T06:08:16.150391+00:00,2026-06-25T01:00:00+00:00,approved,409,True,
2026_E_0625_CurIvo,M1_B1,2026-06-23T06:08:24.288576+00:00,2026-06-23T06:08:16.150391+00:00,2026-06-25T20:00:00+00:00,approved,410,True,
2026_E_0625_EcuGer,M1_B1,2026-06-23T06:08:24.288576+00:00,2026-06-23T06:08:16.150391+00:00,2026-06-25T20:00:00+00:00,approved,411,True,
2026_F_0625_JapSwe,M1_B1,2026-06-23T06:08:24.288576+00:00,2026-06-23T06:08:16.150391+00:00,2026-06-25T23:00:00+00:00,approved,412,True,
2026_F_0625_TunNet,M1_B1,2026-06-23T06:08:24.288576+00:00,2026-06-23T06:08:16.150391+00:00,2026-06-25T23:00:00+00:00,approved,413,True,
2026_D_0626_ParAus,M1_B1,2026-06-23T06:08:24.288576+00:00,2026-06-23T06:08:16.150391+00:00,2026-06-26T02:00:00+00:00,approved,414,True,
2026_D_0626_TurUni,M1_B1,2026-06-23T06:08:24.288576+00:00,2026-06-23T06:08:16.150391+00:00,2026-06-26T02:00:00+00:00,approved,415,True,
2026_I_0626_NorFra,M1_B1,2026-06-23T06:08:24.288576+00:00,2026-06-23T06:08:16.150391+00:00,2026-06-26T19:00:00+00:00,approved,416,True,
2026_I_0626_SenIra,M1_B1,2026-06-23T06:08:24.288576+00:00,2026-06-23T06:08:16.150391+00:00,2026-06-26T19:00:00+00:00,approved,417,True,
2026_H_0627_CapSau,M1_B1,2026-06-23T06:08:24.288576+00:00,2026-06-23T06:08:16.150391+00:00,2026-06-27T00:00:00+00:00,approved,418,True,
2026_H_0627_UruSpa,M1_B1,2026-06-23T06:08:24.288576+00:00,2026-06-23T06:08:16.150391+00:00,2026-06-27T00:00:00+00:00,approved,419,True,
2026_G_0627_EgyIra,M1_B1,2026-06-23T06:08:24.288576+00:00,2026-06-23T06:08:16.150391+00:00,2026-06-27T03:00:00+00:00,approved,420,True,
2026_G_0627_NewBel,M1_B1,2026-06-23T06:08:24.288576+00:00,2026-06-23T06:08:16.150391+00:00,2026-06-27T03:00:00+00:00,approved,421,True,
2026_L_0627_CroGha,M1_B1,2026-06-23T06:08:24.288576+00:00,2026-06-23T06:08:16.150391+00:00,2026-06-27T21:00:00+00:00,approved,422,True,
2026_L_0627_PanEng,M1_B1,2026-06-23T06:08:24.288576+00:00,2026-06-23T06:08:16.150391+00:00,2026-06-27T21:00:00+00:00,approved,423,True,
2026_K_0627_ColPor,M1_B1,2026-06-23T06:08:24.288576+00:00,2026-06-23T06:08:16.150391+00:00,2026-06-27T23:30:00+00:00,approved,424,True,
2026_K_0627_ConUzb,M1_B1,2026-06-23T06:08:24.288576+00:00,2026-06-23T06:08:16.150391+00:00,2026-06-27T23:30:00+00:00,approved,425,True,
2026_J_0628_AlgAus,M1_B1,2026-06-23T06:08:24.288576+00:00,2026-06-23T06:08:16.150391+00:00,2026-06-28T02:00:00+00:00,approved,426,True,
2026_J_0628_JorArg,M1_B1,2026-06-23T06:08:24.288576+00:00,2026-06-23T06:08:16.150391+00:00,2026-06-28T02:00:00+00:00,approved,427,True,
2026_K_0623_PorUzb,M1_B1,2026-06-23T08:13:15.725233+00:00,2026-06-23T08:13:13.405483+00:00,2026-06-23T17:00:00+00:00,approved,428,True,
2026_L_0623_EngGha,M1_B1,2026-06-23T08:13:15.725233+00:00,2026-06-23T08:13:13.405483+00:00,2026-06-23T20:00:00+00:00,approved,429,True,
2026_L_0623_PanCro,M1_B1,2026-06-23T08:13:15.725233+00:00,2026-06-23T08:13:13.405483+00:00,2026-06-23T23:00:00+00:00,approved,430,True,
2026_K_0624_ColCon,M1_B1,2026-06-23T08:13:15.725233+00:00,2026-06-23T08:13:13.405483+00:00,2026-06-24T02:00:00+00:00,approved,431,True,
2026_B_0624_BosQat,M1_B1,2026-06-23T08:13:15.725233+00:00,2026-06-23T08:13:13.405483+00:00,2026-06-24T19:00:00+00:00,approved,432,True,
2026_B_0624_SwiCan,M1_B1,2026-06-23T08:13:15.725233+00:00,2026-06-23T08:13:13.405483+00:00,2026-06-24T19:00:00+00:00,approved,433,True,
2026_C_0624_MorHai,M1_B1,2026-06-23T08:13:15.725233+00:00,2026-06-23T08:13:13.405483+00:00,2026-06-24T22:00:00+00:00,approved,434,True,
2026_C_0624_ScoBra,M1_B1,2026-06-23T08:13:15.725233+00:00,2026-06-23T08:13:13.405483+00:00,2026-06-24T22:00:00+00:00,approved,435,True,
2026_A_0625_CzeMex,M1_B1,2026-06-23T08:13:15.725233+00:00,2026-06-23T08:13:13.405483+00:00,2026-06-25T01:00:00+00:00,approved,436,True,
2026_A_0625_SouKor,M1_B1,2026-06-23T08:13:15.725233+00:00,2026-06-23T08:13:13.405483+00:00,2026-06-25T01:00:00+00:00,approved,437,True,
2026_E_0625_CurIvo,M1_B1,2026-06-23T08:13:15.725233+00:00,2026-06-23T08:13:13.405483+00:00,2026-06-25T20:00:00+00:00,approved,438,True,
2026_E_0625_EcuGer,M1_B1,2026-06-23T08:13:15.725233+00:00,2026-06-23T08:13:13.405483+00:00,2026-06-25T20:00:00+00:00,approved,439,True,
2026_F_0625_JapSwe,M1_B1,2026-06-23T08:13:15.725233+00:00,2026-06-23T08:13:13.405483+00:00,2026-06-25T23:00:00+00:00,approved,440,True,
2026_F_0625_TunNet,M1_B1,2026-06-23T08:13:15.725233+00:00,2026-06-23T08:13:13.405483+00:00,2026-06-25T23:00:00+00:00,approved,441,True,
2026_D_0626_ParAus,M1_B1,2026-06-23T08:13:15.725233+00:00,2026-06-23T08:13:13.405483+00:00,2026-06-26T02:00:00+00:00,approved,442,True,
2026_D_0626_TurUni,M1_B1,2026-06-23T08:13:15.725233+00:00,2026-06-23T08:13:13.405483+00:00,2026-06-26T02:00:00+00:00,approved,443,True,
2026_I_0626_NorFra,M1_B1,2026-06-23T08:13:15.725233+00:00,2026-06-23T08:13:13.405483+00:00,2026-06-26T19:00:00+00:00,approved,444,True,
2026_I_0626_SenIra,M1_B1,2026-06-23T08:13:15.725233+00:00,2026-06-23T08:13:13.405483+00:00,2026-06-26T19:00:00+00:00,approved,445,True,
2026_H_0627_CapSau,M1_B1,2026-06-23T08:13:15.725233+00:00,2026-06-23T08:13:13.405483+00:00,2026-06-27T00:00:00+00:00,approved,446,True,
2026_H_0627_UruSpa,M1_B1,2026-06-23T08:13:15.725233+00:00,2026-06-23T08:13:13.405483+00:00,2026-06-27T00:00:00+00:00,approved,447,True,
2026_G_0627_EgyIra,M1_B1,2026-06-23T08:13:15.725233+00:00,2026-06-23T08:13:13.405483+00:00,2026-06-27T03:00:00+00:00,approved,448,True,
2026_G_0627_NewBel,M1_B1,2026-06-23T08:13:15.725233+00:00,2026-06-23T08:13:13.405483+00:00,2026-06-27T03:00:00+00:00,approved,449,True,
2026_L_0627_CroGha,M1_B1,2026-06-23T08:13:15.725233+00:00,2026-06-23T08:13:13.405483+00:00,2026-06-27T21:00:00+00:00,approved,450,True,
2026_L_0627_PanEng,M1_B1,2026-06-23T08:13:15.725233+00:00,2026-06-23T08:13:13.405483+00:00,2026-06-27T21:00:00+00:00,approved,451,True,
2026_K_0627_ColPor,M1_B1,2026-06-23T08:13:15.725233+00:00,2026-06-23T08:13:13.405483+00:00,2026-06-27T23:30:00+00:00,approved,452,True,
2026_K_0627_ConUzb,M1_B1,2026-06-23T08:13:15.725233+00:00,2026-06-23T08:13:13.405483+00:00,2026-06-27T23:30:00+00:00,approved,453,True,
2026_J_0628_AlgAus,M1_B1,2026-06-23T08:13:15.725233+00:00,2026-06-23T08:13:13.405483+00:00,2026-06-28T02:00:00+00:00,approved,454,True,
2026_J_0628_JorArg,M1_B1,2026-06-23T08:13:15.725233+00:00,2026-06-23T08:13:13.405483+00:00,2026-06-28T02:00:00+00:00,approved,455,True,
2026_K_0623_PorUzb,M1_B1,2026-06-23T10:18:15.272130+00:00,2026-06-23T10:18:12.674615+00:00,2026-06-23T17:00:00+00:00,approved,456,True,
2026_L_0623_EngGha,M1_B1,2026-06-23T10:18:15.272130+00:00,2026-06-23T10:18:12.674615+00:00,2026-06-23T20:00:00+00:00,approved,457,True,
2026_L_0623_PanCro,M1_B1,2026-06-23T10:18:15.272130+00:00,2026-06-23T10:18:12.674615+00:00,2026-06-23T23:00:00+00:00,approved,458,True,
2026_K_0624_ColCon,M1_B1,2026-06-23T10:18:15.272130+00:00,2026-06-23T10:18:12.674615+00:00,2026-06-24T02:00:00+00:00,approved,459,True,
2026_B_0624_BosQat,M1_B1,2026-06-23T10:18:15.272130+00:00,2026-06-23T10:18:12.674615+00:00,2026-06-24T19:00:00+00:00,approved,460,True,
2026_B_0624_SwiCan,M1_B1,2026-06-23T10:18:15.272130+00:00,2026-06-23T10:18:12.674615+00:00,2026-06-24T19:00:00+00:00,approved,461,True,
2026_C_0624_MorHai,M1_B1,2026-06-23T10:18:15.272130+00:00,2026-06-23T10:18:12.674615+00:00,2026-06-24T22:00:00+00:00,approved,462,True,
2026_C_0624_ScoBra,M1_B1,2026-06-23T10:18:15.272130+00:00,2026-06-23T10:18:12.674615+00:00,2026-06-24T22:00:00+00:00,approved,463,True,
2026_A_0625_CzeMex,M1_B1,2026-06-23T10:18:15.272130+00:00,2026-06-23T10:18:12.674615+00:00,2026-06-25T01:00:00+00:00,approved,464,True,
2026_A_0625_SouKor,M1_B1,2026-06-23T10:18:15.272130+00:00,2026-06-23T10:18:12.674615+00:00,2026-06-25T01:00:00+00:00,approved,465,True,
2026_E_0625_CurIvo,M1_B1,2026-06-23T10:18:15.272130+00:00,2026-06-23T10:18:12.674615+00:00,2026-06-25T20:00:00+00:00,approved,466,True,
2026_E_0625_EcuGer,M1_B1,2026-06-23T10:18:15.272130+00:00,2026-06-23T10:18:12.674615+00:00,2026-06-25T20:00:00+00:00,approved,467,True,
2026_F_0625_JapSwe,M1_B1,2026-06-23T10:18:15.272130+00:00,2026-06-23T10:18:12.674615+00:00,2026-06-25T23:00:00+00:00,approved,468,True,
2026_F_0625_TunNet,M1_B1,2026-06-23T10:18:15.272130+00:00,2026-06-23T10:18:12.674615+00:00,2026-06-25T23:00:00+00:00,approved,469,True,
2026_D_0626_ParAus,M1_B1,2026-06-23T10:18:15.272130+00:00,2026-06-23T10:18:12.674615+00:00,2026-06-26T02:00:00+00:00,approved,470,True,
2026_D_0626_TurUni,M1_B1,2026-06-23T10:18:15.272130+00:00,2026-06-23T10:18:12.674615+00:00,2026-06-26T02:00:00+00:00,approved,471,True,
2026_I_0626_NorFra,M1_B1,2026-06-23T10:18:15.272130+00:00,2026-06-23T10:18:12.674615+00:00,2026-06-26T19:00:00+00:00,approved,472,True,
2026_I_0626_SenIra,M1_B1,2026-06-23T10:18:15.272130+00:00,2026-06-23T10:18:12.674615+00:00,2026-06-26T19:00:00+00:00,approved,473,True,
2026_H_0627_CapSau,M1_B1,2026-06-23T10:18:15.272130+00:00,2026-06-23T10:18:12.674615+00:00,2026-06-27T00:00:00+00:00,approved,474,True,
2026_H_0627_UruSpa,M1_B1,2026-06-23T10:18:15.272130+00:00,2026-06-23T10:18:12.674615+00:00,2026-06-27T00:00:00+00:00,approved,475,True,
2026_G_0627_EgyIra,M1_B1,2026-06-23T10:18:15.272130+00:00,2026-06-23T10:18:12.674615+00:00,2026-06-27T03:00:00+00:00,approved,476,True,
2026_G_0627_NewBel,M1_B1,2026-06-23T10:18:15.272130+00:00,2026-06-23T10:18:12.674615+00:00,2026-06-27T03:00:00+00:00,approved,477,True,
2026_L_0627_CroGha,M1_B1,2026-06-23T10:18:15.272130+00:00,2026-06-23T10:18:12.674615+00:00,2026-06-27T21:00:00+00:00,approved,478,True,
2026_L_0627_PanEng,M1_B1,2026-06-23T10:18:15.272130+00:00,2026-06-23T10:18:12.674615+00:00,2026-06-27T21:00:00+00:00,approved,479,True,
2026_K_0627_ColPor,M1_B1,2026-06-23T10:18:15.272130+00:00,2026-06-23T10:18:12.674615+00:00,2026-06-27T23:30:00+00:00,approved,480,True,
2026_K_0627_ConUzb,M1_B1,2026-06-23T10:18:15.272130+00:00,2026-06-23T10:18:12.674615+00:00,2026-06-27T23:30:00+00:00,approved,481,True,
2026_J_0628_AlgAus,M1_B1,2026-06-23T10:18:15.272130+00:00,2026-06-23T10:18:12.674615+00:00,2026-06-28T02:00:00+00:00,approved,482,True,
2026_J_0628_JorArg,M1_B1,2026-06-23T10:18:15.272130+00:00,2026-06-23T10:18:12.674615+00:00,2026-06-28T02:00:00+00:00,approved,483,True,
2026_K_0623_PorUzb,M1_B1,2026-06-23T16:03:34.351532+00:00,2026-06-23T16:03:20.969938+00:00,2026-06-23T17:00:00+00:00,approved,484,True,
2026_L_0623_EngGha,M1_B1,2026-06-23T16:03:34.351532+00:00,2026-06-23T16:03:20.969938+00:00,2026-06-23T20:00:00+00:00,approved,485,True,
2026_L_0623_PanCro,M1_B1,2026-06-23T16:03:34.351532+00:00,2026-06-23T16:03:20.969938+00:00,2026-06-23T23:00:00+00:00,approved,486,True,
2026_K_0624_ColCon,M1_B1,2026-06-23T16:03:34.351532+00:00,2026-06-23T16:03:20.969938+00:00,2026-06-24T02:00:00+00:00,approved,487,True,
2026_B_0624_BosQat,M1_B1,2026-06-23T16:03:34.351532+00:00,2026-06-23T16:03:20.969938+00:00,2026-06-24T19:00:00+00:00,approved,488,True,
2026_B_0624_SwiCan,M1_B1,2026-06-23T16:03:34.351532+00:00,2026-06-23T16:03:20.969938+00:00,2026-06-24T19:00:00+00:00,approved,489,True,
2026_C_0624_MorHai,M1_B1,2026-06-23T16:03:34.351532+00:00,2026-06-23T16:03:20.969938+00:00,2026-06-24T22:00:00+00:00,approved,490,True,
2026_C_0624_ScoBra,M1_B1,2026-06-23T16:03:34.351532+00:00,2026-06-23T16:03:20.969938+00:00,2026-06-24T22:00:00+00:00,approved,491,True,
2026_A_0625_CzeMex,M1_B1,2026-06-23T16:03:34.351532+00:00,2026-06-23T16:03:20.969938+00:00,2026-06-25T01:00:00+00:00,approved,492,True,
2026_A_0625_SouKor,M1_B1,2026-06-23T16:03:34.351532+00:00,2026-06-23T16:03:20.969938+00:00,2026-06-25T01:00:00+00:00,approved,493,True,
2026_E_0625_CurIvo,M1_B1,2026-06-23T16:03:34.351532+00:00,2026-06-23T16:03:20.969938+00:00,2026-06-25T20:00:00+00:00,approved,494,True,
2026_E_0625_EcuGer,M1_B1,2026-06-23T16:03:34.351532+00:00,2026-06-23T16:03:20.969938+00:00,2026-06-25T20:00:00+00:00,approved,495,True,
2026_F_0625_JapSwe,M1_B1,2026-06-23T16:03:34.351532+00:00,2026-06-23T16:03:20.969938+00:00,2026-06-25T23:00:00+00:00,approved,496,True,
2026_F_0625_TunNet,M1_B1,2026-06-23T16:03:34.351532+00:00,2026-06-23T16:03:20.969938+00:00,2026-06-25T23:00:00+00:00,approved,497,True,
2026_D_0626_ParAus,M1_B1,2026-06-23T16:03:34.351532+00:00,2026-06-23T16:03:20.969938+00:00,2026-06-26T02:00:00+00:00,approved,498,True,
2026_D_0626_TurUni,M1_B1,2026-06-23T16:03:34.351532+00:00,2026-06-23T16:03:20.969938+00:00,2026-06-26T02:00:00+00:00,approved,499,True,
2026_I_0626_NorFra,M1_B1,2026-06-23T16:03:34.351532+00:00,2026-06-23T16:03:20.969938+00:00,2026-06-26T19:00:00+00:00,approved,500,True,
2026_I_0626_SenIra,M1_B1,2026-06-23T16:03:34.351532+00:00,2026-06-23T16:03:20.969938+00:00,2026-06-26T19:00:00+00:00,approved,501,True,
2026_H_0627_CapSau,M1_B1,2026-06-23T16:03:34.351532+00:00,2026-06-23T16:03:20.969938+00:00,2026-06-27T00:00:00+00:00,approved,502,True,
2026_H_0627_UruSpa,M1_B1,2026-06-23T16:03:34.351532+00:00,2026-06-23T16:03:20.969938+00:00,2026-06-27T00:00:00+00:00,approved,503,True,
2026_G_0627_EgyIra,M1_B1,2026-06-23T16:03:34.351532+00:00,2026-06-23T16:03:20.969938+00:00,2026-06-27T03:00:00+00:00,approved,504,True,
2026_G_0627_NewBel,M1_B1,2026-06-23T16:03:34.351532+00:00,2026-06-23T16:03:20.969938+00:00,2026-06-27T03:00:00+00:00,approved,505,True,
2026_L_0627_CroGha,M1_B1,2026-06-23T16:03:34.351532+00:00,2026-06-23T16:03:20.969938+00:00,2026-06-27T21:00:00+00:00,approved,506,True,
2026_L_0627_PanEng,M1_B1,2026-06-23T16:03:34.351532+00:00,2026-06-23T16:03:20.969938+00:00,2026-06-27T21:00:00+00:00,approved,507,True,
2026_K_0627_ColPor,M1_B1,2026-06-23T16:03:34.351532+00:00,2026-06-23T16:03:20.969938+00:00,2026-06-27T23:30:00+00:00,approved,508,True,
2026_K_0627_ConUzb,M1_B1,2026-06-23T16:03:34.351532+00:00,2026-06-23T16:03:20.969938+00:00,2026-06-27T23:30:00+00:00,approved,509,True,
2026_J_0628_AlgAus,M1_B1,2026-06-23T16:03:34.351532+00:00,2026-06-23T16:03:20.969938+00:00,2026-06-28T02:00:00+00:00,approved,510,True,
2026_J_0628_JorArg,M1_B1,2026-06-23T16:03:34.351532+00:00,2026-06-23T16:03:20.969938+00:00,2026-06-28T02:00:00+00:00,approved,511,True,
2026_E_0625_CurIvo,M1_B1,2026-06-25T17:03:23.466659+00:00,2026-06-25T17:03:15.651365+00:00,2026-06-25T20:00:00+00:00,approved,512,True,
2026_E_0625_EcuGer,M1_B1,2026-06-25T17:03:23.466659+00:00,2026-06-25T17:03:15.651365+00:00,2026-06-25T20:00:00+00:00,approved,513,True,
2026_F_0625_JapSwe,M1_B1,2026-06-25T17:03:23.466659+00:00,2026-06-25T17:03:15.651365+00:00,2026-06-25T23:00:00+00:00,approved,514,True,
2026_F_0625_TunNet,M1_B1,2026-06-25T17:03:23.466659+00:00,2026-06-25T17:03:15.651365+00:00,2026-06-25T23:00:00+00:00,approved,515,True,
2026_D_0626_ParAus,M1_B1,2026-06-25T17:03:23.466659+00:00,2026-06-25T17:03:15.651365+00:00,2026-06-26T02:00:00+00:00,approved,516,True,
2026_D_0626_TurUni,M1_B1,2026-06-25T17:03:23.466659+00:00,2026-06-25T17:03:15.651365+00:00,2026-06-26T02:00:00+00:00,approved,517,True,
2026_I_0626_NorFra,M1_B1,2026-06-25T17:03:23.466659+00:00,2026-06-25T17:03:15.651365+00:00,2026-06-26T19:00:00+00:00,approved,518,True,
2026_I_0626_SenIra,M1_B1,2026-06-25T17:03:23.466659+00:00,2026-06-25T17:03:15.651365+00:00,2026-06-26T19:00:00+00:00,approved,519,True,
2026_H_0627_CapSau,M1_B1,2026-06-25T17:03:23.466659+00:00,2026-06-25T17:03:15.651365+00:00,2026-06-27T00:00:00+00:00,approved,520,True,
2026_H_0627_UruSpa,M1_B1,2026-06-25T17:03:23.466659+00:00,2026-06-25T17:03:15.651365+00:00,2026-06-27T00:00:00+00:00,approved,521,True,
2026_G_0627_EgyIra,M1_B1,2026-06-25T17:03:23.466659+00:00,2026-06-25T17:03:15.651365+00:00,2026-06-27T03:00:00+00:00,approved,522,True,
2026_G_0627_NewBel,M1_B1,2026-06-25T17:03:23.466659+00:00,2026-06-25T17:03:15.651365+00:00,2026-06-27T03:00:00+00:00,approved,523,True,
2026_L_0627_CroGha,M1_B1,2026-06-25T17:03:23.466659+00:00,2026-06-25T17:03:15.651365+00:00,2026-06-27T21:00:00+00:00,approved,524,True,
2026_L_0627_PanEng,M1_B1,2026-06-25T17:03:23.466659+00:00,2026-06-25T17:03:15.651365+00:00,2026-06-27T21:00:00+00:00,approved,525,True,
2026_K_0627_ColPor,M1_B1,2026-06-25T17:03:23.466659+00:00,2026-06-25T17:03:15.651365+00:00,2026-06-27T23:30:00+00:00,approved,526,True,
2026_K_0627_ConUzb,M1_B1,2026-06-25T17:03:23.466659+00:00,2026-06-25T17:03:15.651365+00:00,2026-06-27T23:30:00+00:00,approved,527,True,
2026_J_0628_AlgAus,M1_B1,2026-06-25T17:03:23.466659+00:00,2026-06-25T17:03:15.651365+00:00,2026-06-28T02:00:00+00:00,approved,528,True,
2026_J_0628_JorArg,M1_B1,2026-06-25T17:03:23.466659+00:00,2026-06-25T17:03:15.651365+00:00,2026-06-28T02:00:00+00:00,approved,529,True,
2026_D_0626_ParAus,M1_B1,2026-06-25T23:33:24.050368+00:00,2026-06-25T23:33:16.269966+00:00,2026-06-26T02:00:00+00:00,approved,530,True,
2026_D_0626_TurUni,M1_B1,2026-06-25T23:33:24.050368+00:00,2026-06-25T23:33:16.269966+00:00,2026-06-26T02:00:00+00:00,approved,531,True,
2026_I_0626_NorFra,M1_B1,2026-06-25T23:33:24.050368+00:00,2026-06-25T23:33:16.269966+00:00,2026-06-26T19:00:00+00:00,approved,532,True,
2026_I_0626_SenIra,M1_B1,2026-06-25T23:33:24.050368+00:00,2026-06-25T23:33:16.269966+00:00,2026-06-26T19:00:00+00:00,approved,533,True,
2026_H_0627_CapSau,M1_B1,2026-06-25T23:33:24.050368+00:00,2026-06-25T23:33:16.269966+00:00,2026-06-27T00:00:00+00:00,approved,534,True,
2026_H_0627_UruSpa,M1_B1,2026-06-25T23:33:24.050368+00:00,2026-06-25T23:33:16.269966+00:00,2026-06-27T00:00:00+00:00,approved,535,True,
2026_G_0627_EgyIra,M1_B1,2026-06-25T23:33:24.050368+00:00,2026-06-25T23:33:16.269966+00:00,2026-06-27T03:00:00+00:00,approved,536,True,
2026_G_0627_NewBel,M1_B1,2026-06-25T23:33:24.050368+00:00,2026-06-25T23:33:16.269966+00:00,2026-06-27T03:00:00+00:00,approved,537,True,
2026_L_0627_CroGha,M1_B1,2026-06-25T23:33:24.050368+00:00,2026-06-25T23:33:16.269966+00:00,2026-06-27T21:00:00+00:00,approved,538,True,
2026_L_0627_PanEng,M1_B1,2026-06-25T23:33:24.050368+00:00,2026-06-25T23:33:16.269966+00:00,2026-06-27T21:00:00+00:00,approved,539,True,
2026_K_0627_ColPor,M1_B1,2026-06-25T23:33:24.050368+00:00,2026-06-25T23:33:16.269966+00:00,2026-06-27T23:30:00+00:00,approved,540,True,
2026_K_0627_ConUzb,M1_B1,2026-06-25T23:33:24.050368+00:00,2026-06-25T23:33:16.269966+00:00,2026-06-27T23:30:00+00:00,approved,541,True,
2026_J_0628_AlgAus,M1_B1,2026-06-25T23:33:24.050368+00:00,2026-06-25T23:33:16.269966+00:00,2026-06-28T02:00:00+00:00,approved,542,True,
2026_J_0628_JorArg,M1_B1,2026-06-25T23:33:24.050368+00:00,2026-06-25T23:33:16.269966+00:00,2026-06-28T02:00:00+00:00,approved,543,True,
2026_I_0626_NorFra,M1_B1,2026-06-26T03:48:21.858837+00:00,2026-06-26T03:48:14.747605+00:00,2026-06-26T19:00:00+00:00,approved,544,True,
2026_I_0626_SenIra,M1_B1,2026-06-26T03:48:21.858837+00:00,2026-06-26T03:48:14.747605+00:00,2026-06-26T19:00:00+00:00,approved,545,True,
2026_H_0627_CapSau,M1_B1,2026-06-26T03:48:21.858837+00:00,2026-06-26T03:48:14.747605+00:00,2026-06-27T00:00:00+00:00,approved,546,True,
2026_H_0627_UruSpa,M1_B1,2026-06-26T03:48:21.858837+00:00,2026-06-26T03:48:14.747605+00:00,2026-06-27T00:00:00+00:00,approved,547,True,
2026_G_0627_EgyIra,M1_B1,2026-06-26T03:48:21.858837+00:00,2026-06-26T03:48:14.747605+00:00,2026-06-27T03:00:00+00:00,approved,548,True,
2026_G_0627_NewBel,M1_B1,2026-06-26T03:48:21.858837+00:00,2026-06-26T03:48:14.747605+00:00,2026-06-27T03:00:00+00:00,approved,549,True,
2026_L_0627_CroGha,M1_B1,2026-06-26T03:48:21.858837+00:00,2026-06-26T03:48:14.747605+00:00,2026-06-27T21:00:00+00:00,approved,550,True,
2026_L_0627_PanEng,M1_B1,2026-06-26T03:48:21.858837+00:00,2026-06-26T03:48:14.747605+00:00,2026-06-27T21:00:00+00:00,approved,551,True,
2026_K_0627_ColPor,M1_B1,2026-06-26T03:48:21.858837+00:00,2026-06-26T03:48:14.747605+00:00,2026-06-27T23:30:00+00:00,approved,552,True,
2026_K_0627_ConUzb,M1_B1,2026-06-26T03:48:21.858837+00:00,2026-06-26T03:48:14.747605+00:00,2026-06-27T23:30:00+00:00,approved,553,True,
2026_J_0628_AlgAus,M1_B1,2026-06-26T03:48:21.858837+00:00,2026-06-26T03:48:14.747605+00:00,2026-06-28T02:00:00+00:00,approved,554,True,
2026_J_0628_JorArg,M1_B1,2026-06-26T03:48:21.858837+00:00,2026-06-26T03:48:14.747605+00:00,2026-06-28T02:00:00+00:00,approved,555,True,
2026_I_0626_NorFra,M1_B1,2026-06-26T05:53:13.922230+00:00,2026-06-26T05:53:12.532716+00:00,2026-06-26T19:00:00+00:00,approved,556,True,
2026_I_0626_SenIra,M1_B1,2026-06-26T05:53:13.922230+00:00,2026-06-26T05:53:12.532716+00:00,2026-06-26T19:00:00+00:00,approved,557,True,
2026_H_0627_CapSau,M1_B1,2026-06-26T05:53:13.922230+00:00,2026-06-26T05:53:12.532716+00:00,2026-06-27T00:00:00+00:00,approved,558,True,
2026_H_0627_UruSpa,M1_B1,2026-06-26T05:53:13.922230+00:00,2026-06-26T05:53:12.532716+00:00,2026-06-27T00:00:00+00:00,approved,559,True,
2026_G_0627_EgyIra,M1_B1,2026-06-26T05:53:13.922230+00:00,2026-06-26T05:53:12.532716+00:00,2026-06-27T03:00:00+00:00,approved,560,True,
2026_G_0627_NewBel,M1_B1,2026-06-26T05:53:13.922230+00:00,2026-06-26T05:53:12.532716+00:00,2026-06-27T03:00:00+00:00,approved,561,True,
2026_L_0627_CroGha,M1_B1,2026-06-26T05:53:13.922230+00:00,2026-06-26T05:53:12.532716+00:00,2026-06-27T21:00:00+00:00,approved,562,True,
2026_L_0627_PanEng,M1_B1,2026-06-26T05:53:13.922230+00:00,2026-06-26T05:53:12.532716+00:00,2026-06-27T21:00:00+00:00,approved,563,True,
2026_K_0627_ColPor,M1_B1,2026-06-26T05:53:13.922230+00:00,2026-06-26T05:53:12.532716+00:00,2026-06-27T23:30:00+00:00,approved,564,True,
2026_K_0627_ConUzb,M1_B1,2026-06-26T05:53:13.922230+00:00,2026-06-26T05:53:12.532716+00:00,2026-06-27T23:30:00+00:00,approved,565,True,
2026_J_0628_AlgAus,M1_B1,2026-06-26T05:53:13.922230+00:00,2026-06-26T05:53:12.532716+00:00,2026-06-28T02:00:00+00:00,approved,566,True,
2026_J_0628_JorArg,M1_B1,2026-06-26T05:53:13.922230+00:00,2026-06-26T05:53:12.532716+00:00,2026-06-28T02:00:00+00:00,approved,567,True,
2026_I_0626_NorFra,M1_B1,2026-06-26T07:58:13.924544+00:00,2026-06-26T07:58:12.591758+00:00,2026-06-26T19:00:00+00:00,approved,568,True,
2026_I_0626_SenIra,M1_B1,2026-06-26T07:58:13.924544+00:00,2026-06-26T07:58:12.591758+00:00,2026-06-26T19:00:00+00:00,approved,569,True,
2026_H_0627_CapSau,M1_B1,2026-06-26T07:58:13.924544+00:00,2026-06-26T07:58:12.591758+00:00,2026-06-27T00:00:00+00:00,approved,570,True,
2026_H_0627_UruSpa,M1_B1,2026-06-26T07:58:13.924544+00:00,2026-06-26T07:58:12.591758+00:00,2026-06-27T00:00:00+00:00,approved,571,True,
2026_G_0627_EgyIra,M1_B1,2026-06-26T07:58:13.924544+00:00,2026-06-26T07:58:12.591758+00:00,2026-06-27T03:00:00+00:00,approved,572,True,
2026_G_0627_NewBel,M1_B1,2026-06-26T07:58:13.924544+00:00,2026-06-26T07:58:12.591758+00:00,2026-06-27T03:00:00+00:00,approved,573,True,
2026_L_0627_CroGha,M1_B1,2026-06-26T07:58:13.924544+00:00,2026-06-26T07:58:12.591758+00:00,2026-06-27T21:00:00+00:00,approved,574,True,
2026_L_0627_PanEng,M1_B1,2026-06-26T07:58:13.924544+00:00,2026-06-26T07:58:12.591758+00:00,2026-06-27T21:00:00+00:00,approved,575,True,
2026_K_0627_ColPor,M1_B1,2026-06-26T07:58:13.924544+00:00,2026-06-26T07:58:12.591758+00:00,2026-06-27T23:30:00+00:00,approved,576,True,
2026_K_0627_ConUzb,M1_B1,2026-06-26T07:58:13.924544+00:00,2026-06-26T07:58:12.591758+00:00,2026-06-27T23:30:00+00:00,approved,577,True,
2026_J_0628_AlgAus,M1_B1,2026-06-26T07:58:13.924544+00:00,2026-06-26T07:58:12.591758+00:00,2026-06-28T02:00:00+00:00,approved,578,True,
2026_J_0628_JorArg,M1_B1,2026-06-26T07:58:13.924544+00:00,2026-06-26T07:58:12.591758+00:00,2026-06-28T02:00:00+00:00,approved,579,True,
2026_I_0626_NorFra,M1_B1,2026-06-26T10:03:14.062171+00:00,2026-06-26T10:03:12.759709+00:00,2026-06-26T19:00:00+00:00,approved,580,True,
2026_I_0626_SenIra,M1_B1,2026-06-26T10:03:14.062171+00:00,2026-06-26T10:03:12.759709+00:00,2026-06-26T19:00:00+00:00,approved,581,True,
2026_H_0627_CapSau,M1_B1,2026-06-26T10:03:14.062171+00:00,2026-06-26T10:03:12.759709+00:00,2026-06-27T00:00:00+00:00,approved,582,True,
2026_H_0627_UruSpa,M1_B1,2026-06-26T10:03:14.062171+00:00,2026-06-26T10:03:12.759709+00:00,2026-06-27T00:00:00+00:00,approved,583,True,
2026_G_0627_EgyIra,M1_B1,2026-06-26T10:03:14.062171+00:00,2026-06-26T10:03:12.759709+00:00,2026-06-27T03:00:00+00:00,approved,584,True,
2026_G_0627_NewBel,M1_B1,2026-06-26T10:03:14.062171+00:00,2026-06-26T10:03:12.759709+00:00,2026-06-27T03:00:00+00:00,approved,585,True,
2026_L_0627_CroGha,M1_B1,2026-06-26T10:03:14.062171+00:00,2026-06-26T10:03:12.759709+00:00,2026-06-27T21:00:00+00:00,approved,586,True,
2026_L_0627_PanEng,M1_B1,2026-06-26T10:03:14.062171+00:00,2026-06-26T10:03:12.759709+00:00,2026-06-27T21:00:00+00:00,approved,587,True,
2026_K_0627_ColPor,M1_B1,2026-06-26T10:03:14.062171+00:00,2026-06-26T10:03:12.759709+00:00,2026-06-27T23:30:00+00:00,approved,588,True,
2026_K_0627_ConUzb,M1_B1,2026-06-26T10:03:14.062171+00:00,2026-06-26T10:03:12.759709+00:00,2026-06-27T23:30:00+00:00,approved,589,True,
2026_J_0628_AlgAus,M1_B1,2026-06-26T10:03:14.062171+00:00,2026-06-26T10:03:12.759709+00:00,2026-06-28T02:00:00+00:00,approved,590,True,
2026_J_0628_JorArg,M1_B1,2026-06-26T10:03:14.062171+00:00,2026-06-26T10:03:12.759709+00:00,2026-06-28T02:00:00+00:00,approved,591,True,
2026_I_0626_NorFra,M1_B1,2026-06-26T12:08:13.249249+00:00,2026-06-26T12:08:11.961899+00:00,2026-06-26T19:00:00+00:00,approved,592,True,
2026_I_0626_SenIra,M1_B1,2026-06-26T12:08:13.249249+00:00,2026-06-26T12:08:11.961899+00:00,2026-06-26T19:00:00+00:00,approved,593,True,
2026_H_0627_CapSau,M1_B1,2026-06-26T12:08:13.249249+00:00,2026-06-26T12:08:11.961899+00:00,2026-06-27T00:00:00+00:00,approved,594,True,
2026_H_0627_UruSpa,M1_B1,2026-06-26T12:08:13.249249+00:00,2026-06-26T12:08:11.961899+00:00,2026-06-27T00:00:00+00:00,approved,595,True,
2026_G_0627_EgyIra,M1_B1,2026-06-26T12:08:13.249249+00:00,2026-06-26T12:08:11.961899+00:00,2026-06-27T03:00:00+00:00,approved,596,True,
2026_G_0627_NewBel,M1_B1,2026-06-26T12:08:13.249249+00:00,2026-06-26T12:08:11.961899+00:00,2026-06-27T03:00:00+00:00,approved,597,True,
2026_L_0627_CroGha,M1_B1,2026-06-26T12:08:13.249249+00:00,2026-06-26T12:08:11.961899+00:00,2026-06-27T21:00:00+00:00,approved,598,True,
2026_L_0627_PanEng,M1_B1,2026-06-26T12:08:13.249249+00:00,2026-06-26T12:08:11.961899+00:00,2026-06-27T21:00:00+00:00,approved,599,True,
2026_K_0627_ColPor,M1_B1,2026-06-26T12:08:13.249249+00:00,2026-06-26T12:08:11.961899+00:00,2026-06-27T23:30:00+00:00,approved,600,True,
2026_K_0627_ConUzb,M1_B1,2026-06-26T12:08:13.249249+00:00,2026-06-26T12:08:11.961899+00:00,2026-06-27T23:30:00+00:00,approved,601,True,
2026_J_0628_AlgAus,M1_B1,2026-06-26T12:08:13.249249+00:00,2026-06-26T12:08:11.961899+00:00,2026-06-28T02:00:00+00:00,approved,602,True,
2026_J_0628_JorArg,M1_B1,2026-06-26T12:08:13.249249+00:00,2026-06-26T12:08:11.961899+00:00,2026-06-28T02:00:00+00:00,approved,603,True,
2026_I_0626_NorFra,M1_B1,2026-06-26T14:13:14.560480+00:00,2026-06-26T14:13:12.234429+00:00,2026-06-26T19:00:00+00:00,approved,604,True,
2026_I_0626_SenIra,M1_B1,2026-06-26T14:13:14.560480+00:00,2026-06-26T14:13:12.234429+00:00,2026-06-26T19:00:00+00:00,approved,605,True,
2026_H_0627_CapSau,M1_B1,2026-06-26T14:13:14.560480+00:00,2026-06-26T14:13:12.234429+00:00,2026-06-27T00:00:00+00:00,approved,606,True,
2026_H_0627_UruSpa,M1_B1,2026-06-26T14:13:14.560480+00:00,2026-06-26T14:13:12.234429+00:00,2026-06-27T00:00:00+00:00,approved,607,True,
2026_G_0627_EgyIra,M1_B1,2026-06-26T14:13:14.560480+00:00,2026-06-26T14:13:12.234429+00:00,2026-06-27T03:00:00+00:00,approved,608,True,
2026_G_0627_NewBel,M1_B1,2026-06-26T14:13:14.560480+00:00,2026-06-26T14:13:12.234429+00:00,2026-06-27T03:00:00+00:00,approved,609,True,
2026_L_0627_CroGha,M1_B1,2026-06-26T14:13:14.560480+00:00,2026-06-26T14:13:12.234429+00:00,2026-06-27T21:00:00+00:00,approved,610,True,
2026_L_0627_PanEng,M1_B1,2026-06-26T14:13:14.560480+00:00,2026-06-26T14:13:12.234429+00:00,2026-06-27T21:00:00+00:00,approved,611,True,
2026_K_0627_ColPor,M1_B1,2026-06-26T14:13:14.560480+00:00,2026-06-26T14:13:12.234429+00:00,2026-06-27T23:30:00+00:00,approved,612,True,
2026_K_0627_ConUzb,M1_B1,2026-06-26T14:13:14.560480+00:00,2026-06-26T14:13:12.234429+00:00,2026-06-27T23:30:00+00:00,approved,613,True,
2026_J_0628_AlgAus,M1_B1,2026-06-26T14:13:14.560480+00:00,2026-06-26T14:13:12.234429+00:00,2026-06-28T02:00:00+00:00,approved,614,True,
2026_J_0628_JorArg,M1_B1,2026-06-26T14:13:14.560480+00:00,2026-06-26T14:13:12.234429+00:00,2026-06-28T02:00:00+00:00,approved,615,True,
2026_I_0626_NorFra,M1_B1,2026-06-26T16:18:13.777083+00:00,2026-06-26T16:18:12.472454+00:00,2026-06-26T19:00:00+00:00,approved,616,True,
2026_I_0626_SenIra,M1_B1,2026-06-26T16:18:13.777083+00:00,2026-06-26T16:18:12.472454+00:00,2026-06-26T19:00:00+00:00,approved,617,True,
2026_H_0627_CapSau,M1_B1,2026-06-26T16:18:13.777083+00:00,2026-06-26T16:18:12.472454+00:00,2026-06-27T00:00:00+00:00,approved,618,True,
2026_H_0627_UruSpa,M1_B1,2026-06-26T16:18:13.777083+00:00,2026-06-26T16:18:12.472454+00:00,2026-06-27T00:00:00+00:00,approved,619,True,
2026_G_0627_EgyIra,M1_B1,2026-06-26T16:18:13.777083+00:00,2026-06-26T16:18:12.472454+00:00,2026-06-27T03:00:00+00:00,approved,620,True,
2026_G_0627_NewBel,M1_B1,2026-06-26T16:18:13.777083+00:00,2026-06-26T16:18:12.472454+00:00,2026-06-27T03:00:00+00:00,approved,621,True,
2026_L_0627_CroGha,M1_B1,2026-06-26T16:18:13.777083+00:00,2026-06-26T16:18:12.472454+00:00,2026-06-27T21:00:00+00:00,approved,622,True,
2026_L_0627_PanEng,M1_B1,2026-06-26T16:18:13.777083+00:00,2026-06-26T16:18:12.472454+00:00,2026-06-27T21:00:00+00:00,approved,623,True,
2026_K_0627_ColPor,M1_B1,2026-06-26T16:18:13.777083+00:00,2026-06-26T16:18:12.472454+00:00,2026-06-27T23:30:00+00:00,approved,624,True,
2026_K_0627_ConUzb,M1_B1,2026-06-26T16:18:13.777083+00:00,2026-06-26T16:18:12.472454+00:00,2026-06-27T23:30:00+00:00,approved,625,True,
2026_J_0628_AlgAus,M1_B1,2026-06-26T16:18:13.777083+00:00,2026-06-26T16:18:12.472454+00:00,2026-06-28T02:00:00+00:00,approved,626,True,
2026_J_0628_JorArg,M1_B1,2026-06-26T16:18:13.777083+00:00,2026-06-26T16:18:12.472454+00:00,2026-06-28T02:00:00+00:00,approved,627,True,
2026_H_0627_CapSau,M1_B1,2026-06-26T20:48:13.376115+00:00,2026-06-26T20:48:12.047559+00:00,2026-06-27T00:00:00+00:00,approved,628,True,
2026_H_0627_UruSpa,M1_B1,2026-06-26T20:48:13.376115+00:00,2026-06-26T20:48:12.047559+00:00,2026-06-27T00:00:00+00:00,approved,629,True,
2026_G_0627_EgyIra,M1_B1,2026-06-26T20:48:13.376115+00:00,2026-06-26T20:48:12.047559+00:00,2026-06-27T03:00:00+00:00,approved,630,True,
2026_G_0627_NewBel,M1_B1,2026-06-26T20:48:13.376115+00:00,2026-06-26T20:48:12.047559+00:00,2026-06-27T03:00:00+00:00,approved,631,True,
2026_L_0627_CroGha,M1_B1,2026-06-26T20:48:13.376115+00:00,2026-06-26T20:48:12.047559+00:00,2026-06-27T21:00:00+00:00,approved,632,True,
2026_L_0627_PanEng,M1_B1,2026-06-26T20:48:13.376115+00:00,2026-06-26T20:48:12.047559+00:00,2026-06-27T21:00:00+00:00,approved,633,True,
2026_K_0627_ColPor,M1_B1,2026-06-26T20:48:13.376115+00:00,2026-06-26T20:48:12.047559+00:00,2026-06-27T23:30:00+00:00,approved,634,True,
2026_K_0627_ConUzb,M1_B1,2026-06-26T20:48:13.376115+00:00,2026-06-26T20:48:12.047559+00:00,2026-06-27T23:30:00+00:00,approved,635,True,
2026_J_0628_AlgAus,M1_B1,2026-06-26T20:48:13.376115+00:00,2026-06-26T20:48:12.047559+00:00,2026-06-28T02:00:00+00:00,approved,636,True,
2026_J_0628_JorArg,M1_B1,2026-06-26T20:48:13.376115+00:00,2026-06-26T20:48:12.047559+00:00,2026-06-28T02:00:00+00:00,approved,637,True,
2026_L_0627_CroGha,M1_B1,2026-06-27T04:48:14.516579+00:00,2026-06-27T04:48:12.907346+00:00,2026-06-27T21:00:00+00:00,approved,638,True,
2026_L_0627_PanEng,M1_B1,2026-06-27T04:48:14.516579+00:00,2026-06-27T04:48:12.907346+00:00,2026-06-27T21:00:00+00:00,approved,639,True,
2026_K_0627_ColPor,M1_B1,2026-06-27T04:48:14.516579+00:00,2026-06-27T04:48:12.907346+00:00,2026-06-27T23:30:00+00:00,approved,640,True,
2026_K_0627_ConUzb,M1_B1,2026-06-27T04:48:14.516579+00:00,2026-06-27T04:48:12.907346+00:00,2026-06-27T23:30:00+00:00,approved,641,True,
2026_J_0628_AlgAus,M1_B1,2026-06-27T04:48:14.516579+00:00,2026-06-27T04:48:12.907346+00:00,2026-06-28T02:00:00+00:00,approved,642,True,
2026_J_0628_JorArg,M1_B1,2026-06-27T04:48:14.516579+00:00,2026-06-27T04:48:12.907346+00:00,2026-06-28T02:00:00+00:00,approved,643,True,
2026_L_0627_CroGha,M1_B1,2026-06-27T06:53:13.815536+00:00,2026-06-27T06:53:12.178951+00:00,2026-06-27T21:00:00+00:00,approved,644,True,
2026_L_0627_PanEng,M1_B1,2026-06-27T06:53:13.815536+00:00,2026-06-27T06:53:12.178951+00:00,2026-06-27T21:00:00+00:00,approved,645,True,
2026_K_0627_ColPor,M1_B1,2026-06-27T06:53:13.815536+00:00,2026-06-27T06:53:12.178951+00:00,2026-06-27T23:30:00+00:00,approved,646,True,
2026_K_0627_ConUzb,M1_B1,2026-06-27T06:53:13.815536+00:00,2026-06-27T06:53:12.178951+00:00,2026-06-27T23:30:00+00:00,approved,647,True,
2026_J_0628_AlgAus,M1_B1,2026-06-27T06:53:13.815536+00:00,2026-06-27T06:53:12.178951+00:00,2026-06-28T02:00:00+00:00,approved,648,True,
2026_J_0628_JorArg,M1_B1,2026-06-27T06:53:13.815536+00:00,2026-06-27T06:53:12.178951+00:00,2026-06-28T02:00:00+00:00,approved,649,True,
2026_L_0627_CroGha,M1_B1,2026-06-27T08:58:13.833109+00:00,2026-06-27T08:58:12.445606+00:00,2026-06-27T21:00:00+00:00,approved,650,True,
2026_L_0627_PanEng,M1_B1,2026-06-27T08:58:13.833109+00:00,2026-06-27T08:58:12.445606+00:00,2026-06-27T21:00:00+00:00,approved,651,True,
2026_K_0627_ColPor,M1_B1,2026-06-27T08:58:13.833109+00:00,2026-06-27T08:58:12.445606+00:00,2026-06-27T23:30:00+00:00,approved,652,True,
2026_K_0627_ConUzb,M1_B1,2026-06-27T08:58:13.833109+00:00,2026-06-27T08:58:12.445606+00:00,2026-06-27T23:30:00+00:00,approved,653,True,
2026_J_0628_AlgAus,M1_B1,2026-06-27T08:58:13.833109+00:00,2026-06-27T08:58:12.445606+00:00,2026-06-28T02:00:00+00:00,approved,654,True,
2026_J_0628_JorArg,M1_B1,2026-06-27T08:58:13.833109+00:00,2026-06-27T08:58:12.445606+00:00,2026-06-28T02:00:00+00:00,approved,655,True,
2026_L_0627_CroGha,M1_B1,2026-06-27T11:03:13.958015+00:00,2026-06-27T11:03:12.643228+00:00,2026-06-27T21:00:00+00:00,approved,656,True,
2026_L_0627_PanEng,M1_B1,2026-06-27T11:03:13.958015+00:00,2026-06-27T11:03:12.643228+00:00,2026-06-27T21:00:00+00:00,approved,657,True,
2026_K_0627_ColPor,M1_B1,2026-06-27T11:03:13.958015+00:00,2026-06-27T11:03:12.643228+00:00,2026-06-27T23:30:00+00:00,approved,658,True,
2026_K_0627_ConUzb,M1_B1,2026-06-27T11:03:13.958015+00:00,2026-06-27T11:03:12.643228+00:00,2026-06-27T23:30:00+00:00,approved,659,True,
2026_J_0628_AlgAus,M1_B1,2026-06-27T11:03:13.958015+00:00,2026-06-27T11:03:12.643228+00:00,2026-06-28T02:00:00+00:00,approved,660,True,
2026_J_0628_JorArg,M1_B1,2026-06-27T11:03:13.958015+00:00,2026-06-27T11:03:12.643228+00:00,2026-06-28T02:00:00+00:00,approved,661,True,
2026_L_0627_CroGha,M1_B1,2026-06-27T13:08:13.250670+00:00,2026-06-27T13:08:11.921728+00:00,2026-06-27T21:00:00+00:00,approved,662,True,
2026_L_0627_PanEng,M1_B1,2026-06-27T13:08:13.250670+00:00,2026-06-27T13:08:11.921728+00:00,2026-06-27T21:00:00+00:00,approved,663,True,
2026_K_0627_ColPor,M1_B1,2026-06-27T13:08:13.250670+00:00,2026-06-27T13:08:11.921728+00:00,2026-06-27T23:30:00+00:00,approved,664,True,
2026_K_0627_ConUzb,M1_B1,2026-06-27T13:08:13.250670+00:00,2026-06-27T13:08:11.921728+00:00,2026-06-27T23:30:00+00:00,approved,665,True,
2026_J_0628_AlgAus,M1_B1,2026-06-27T13:08:13.250670+00:00,2026-06-27T13:08:11.921728+00:00,2026-06-28T02:00:00+00:00,approved,666,True,
2026_J_0628_JorArg,M1_B1,2026-06-27T13:08:13.250670+00:00,2026-06-27T13:08:11.921728+00:00,2026-06-28T02:00:00+00:00,approved,667,True,
2026_L_0627_CroGha,M1_B1,2026-06-27T15:13:13.596002+00:00,2026-06-27T15:13:12.157254+00:00,2026-06-27T21:00:00+00:00,approved,668,True,
2026_L_0627_PanEng,M1_B1,2026-06-27T15:13:13.596002+00:00,2026-06-27T15:13:12.157254+00:00,2026-06-27T21:00:00+00:00,approved,669,True,
2026_K_0627_ColPor,M1_B1,2026-06-27T15:13:13.596002+00:00,2026-06-27T15:13:12.157254+00:00,2026-06-27T23:30:00+00:00,approved,670,True,
2026_K_0627_ConUzb,M1_B1,2026-06-27T15:13:13.596002+00:00,2026-06-27T15:13:12.157254+00:00,2026-06-27T23:30:00+00:00,approved,671,True,
2026_J_0628_AlgAus,M1_B1,2026-06-27T15:13:13.596002+00:00,2026-06-27T15:13:12.157254+00:00,2026-06-28T02:00:00+00:00,approved,672,True,
2026_J_0628_JorArg,M1_B1,2026-06-27T15:13:13.596002+00:00,2026-06-27T15:13:12.157254+00:00,2026-06-28T02:00:00+00:00,approved,673,True,
2026_L_0627_CroGha,M1_B1,2026-06-27T17:18:13.749507+00:00,2026-06-27T17:18:12.457957+00:00,2026-06-27T21:00:00+00:00,approved,674,True,
2026_L_0627_PanEng,M1_B1,2026-06-27T17:18:13.749507+00:00,2026-06-27T17:18:12.457957+00:00,2026-06-27T21:00:00+00:00,approved,675,True,
2026_K_0627_ColPor,M1_B1,2026-06-27T17:18:13.749507+00:00,2026-06-27T17:18:12.457957+00:00,2026-06-27T23:30:00+00:00,approved,676,True,
2026_K_0627_ConUzb,M1_B1,2026-06-27T17:18:13.749507+00:00,2026-06-27T17:18:12.457957+00:00,2026-06-27T23:30:00+00:00,approved,677,True,
2026_J_0628_AlgAus,M1_B1,2026-06-27T17:18:13.749507+00:00,2026-06-27T17:18:12.457957+00:00,2026-06-28T02:00:00+00:00,approved,678,True,
2026_J_0628_JorArg,M1_B1,2026-06-27T17:18:13.749507+00:00,2026-06-27T17:18:12.457957+00:00,2026-06-28T02:00:00+00:00,approved,679,True,
